datetime,TEMPERATURE,WINDSPEED,HUMIDITY
2009-01-01,14,8,90
2009-01-02,10,14,91
2009-01-03,10,22,89
2009-01-04,9,14,85
2009-01-05,12,15,73
2009-01-06,10,12,84
2009-01-07,11,23,91
2009-01-08,8,8,88
2009-01-09,12,17,90
2009-01-10,12,16,89
2009-01-11,12,14,86
2009-01-12,13,14,91
2009-01-13,14,17,91
2009-01-14,12,18,87
2009-01-15,10,15,85
2009-01-16,11,9,89
2009-01-17,13,8,89
2009-01-18,15,15,84
2009-01-19,15,27,94
2009-01-20,14,36,96
2009-01-21,11,22,80
2009-01-22,10,19,79
2009-01-23,16,19,96
2009-01-24,17,37,93
2009-01-25,8,18,88
2009-01-26,12,27,92
2009-01-27,9,31,90
2009-01-28,10,15,84
2009-01-29,12,10,85
2009-01-30,13,9,86
2009-01-31,13,12,86
2009-02-01,12,12,89
2009-02-02,13,22,90
2009-02-03,16,18,90
2009-02-04,13,19,88
2009-02-05,15,22,93
2009-02-06,15,30,92
2009-02-07,12,25,90
2009-02-08,8,22,85
2009-02-09,10,21,83
2009-02-10,15,27,94
2009-02-11,10,40,80
2009-02-12,10,18,64
2009-02-13,7,25,74
2009-02-14,8,12,52
2009-02-15,8,17,58
2009-02-16,9,8,65
2009-02-17,11,18,70
2009-02-18,9,20,88
2009-02-19,10,13,80
2009-02-20,9,12,73
2009-02-21,12,10,84
2009-02-22,13,15,81
2009-02-23,16,12,87
2009-02-24,12,17,85
2009-02-25,9,23,80
2009-02-26,12,19,79
2009-02-27,16,15,85
2009-02-28,15,14,85
2009-03-01,14,13,91
2009-03-02,13,13,95
2009-03-03,15,15,91
2009-03-04,16,30,95
2009-03-05,12,41,94
2009-03-06,10,22,84
2009-03-07,11,22,76
2009-03-08,14,19,76
2009-03-09,14,38,74
2009-03-10,14,24,73
2009-03-11,15,22,82
2009-03-12,14,12,76
2009-03-13,16,22,80
2009-03-14,16,14,93
2009-03-15,16,7,92
2009-03-16,14,16,87
2009-03-17,17,10,72
2009-03-18,18,10,64
2009-03-19,18,17,86
2009-03-20,11,32,88
2009-03-21,10,28,63
2009-03-22,13,21,53
2009-03-23,16,18,79
2009-03-24,18,53,70
2009-03-25,13,23,68
2009-03-26,14,24,72
2009-03-27,17,20,93
2009-03-28,18,18,89
2009-03-29,16,34,97
2009-03-30,14,12,86
2009-03-31,17,17,96
2009-04-01,15,16,93
2009-04-02,13,12,89
2009-04-03,14,10,92
2009-04-04,17,11,91
2009-04-05,17,10,87
2009-04-06,18,10,89
2009-04-07,19,11,84
2009-04-08,15,10,95
2009-04-09,18,13,90
2009-04-10,20,9,85
2009-04-11,18,23,84
2009-04-12,17,15,93
2009-04-13,18,20,70
2009-04-14,18,15,89
2009-04-15,20,13,79
2009-04-16,16,23,92
2009-04-17,16,21,88
2009-04-18,16,9,85
2009-04-19,15,9,84
2009-04-20,17,8,88
2009-04-21,19,24,89
2009-04-22,19,24,84
2009-04-23,22,13,73
2009-04-24,17,13,87
2009-04-25,20,21,90
2009-04-26,20,18,96
2009-04-27,16,29,95
2009-04-28,17,29,84
2009-04-29,16,34,79
2009-04-30,18,20,71
2009-05-01,19,13,69
2009-05-02,22,13,69
2009-05-03,21,13,85
2009-05-04,21,14,65
2009-05-05,20,13,81
2009-05-06,21,11,77
2009-05-07,21,13,80
2009-05-08,23,8,70
2009-05-09,23,11,66
2009-05-10,23,14,64
2009-05-11,25,8,71
2009-05-12,26,9,62
2009-05-13,26,9,58
2009-05-14,23,9,82
2009-05-15,22,11,90
2009-05-16,22,15,87
2009-05-17,24,9,74
2009-05-18,24,10,74
2009-05-19,25,10,65
2009-05-20,27,6,63
2009-05-21,28,10,78
2009-05-22,26,15,77
2009-05-23,26,10,71
2009-05-24,28,12,60
2009-05-25,29,8,70
2009-05-26,28,16,73
2009-05-27,24,17,85
2009-05-28,26,12,85
2009-05-29,26,13,76
2009-05-30,24,11,86
2009-05-31,26,8,90
2009-06-01,20,21,90
2009-06-02,22,24,82
2009-06-03,25,19,84
2009-06-04,25,23,92
2009-06-05,27,18,86
2009-06-06,25,23,90
2009-06-07,22,20,92
2009-06-08,24,14,91
2009-06-09,23,18,87
2009-06-10,24,15,90
2009-06-11,26,18,83
2009-06-12,27,13,89
2009-06-13,27,13,89
2009-06-14,28,6,91
2009-06-15,29,12,79
2009-06-16,30,10,79
2009-06-17,29,9,77
2009-06-18,30,10,81
2009-06-19,30,18,89
2009-06-20,27,20,89
2009-06-21,21,37,87
2009-06-22,24,11,78
2009-06-23,24,22,80
2009-06-24,25,17,71
2009-06-25,27,18,88
2009-06-26,26,18,86
2009-06-27,27,20,91
2009-06-28,26,17,89
2009-06-29,27,17,95
2009-06-30,28,10,93
2009-07-01,28,9,89
2009-07-02,29,15,91
2009-07-03,29,15,92
2009-07-04,30,16,94
2009-07-05,29,17,93
2009-07-06,28,19,93
2009-07-07,29,18,85
2009-07-08,26,26,76
2009-07-09,27,24,71
2009-07-10,26,24,76
2009-07-11,27,17,74
2009-07-12,26,15,74
2009-07-13,31,5,75
2009-07-14,32,18,64
2009-07-15,30,11,75
2009-07-16,34,6,80
2009-07-17,31,20,75
2009-07-18,24,39,63
2009-07-19,26,19,64
2009-07-20,27,16,77
2009-07-21,29,9,73
2009-07-22,33,11,61
2009-07-23,32,20,44
2009-07-24,33,17,68
2009-07-25,28,22,70
2009-07-26,30,10,68
2009-07-27,31,8,72
2009-07-28,30,13,58
2009-07-29,32,10,72
2009-07-30,31,13,71
2009-07-31,30,15,77
2009-08-01,30,11,73
2009-08-02,31,13,75
2009-08-03,27,18,79
2009-08-04,28,13,68
2009-08-05,30,14,65
2009-08-06,31,11,60
2009-08-07,31,10,70
2009-08-08,31,9,84
2009-08-09,31,4,79
2009-08-10,30,18,84
2009-08-11,28,16,83
2009-08-12,31,6,80
2009-08-13,31,8,77
2009-08-14,30,9,80
2009-08-15,33,8,76
2009-08-16,32,8,73
2009-08-17,32,15,76
2009-08-18,31,10,79
2009-08-19,33,5,80
2009-08-20,33,11,66
2009-08-21,33,12,72
2009-08-22,32,17,82
2009-08-23,31,14,83
2009-08-24,31,10,80
2009-08-25,31,7,81
2009-08-26,29,12,88
2009-08-27,29,8,87
2009-08-28,31,11,83
2009-08-29,29,19,86
2009-08-30,29,9,75
2009-08-31,29,6,90
2009-09-01,30,9,87
2009-09-02,31,13,82
2009-09-03,30,19,80
2009-09-04,28,19,79
2009-09-05,26,21,65
2009-09-06,26,18,82
2009-09-07,27,15,62
2009-09-08,28,15,64
2009-09-09,27,15,70
2009-09-10,26,13,71
2009-09-11,28,13,74
2009-09-12,28,13,74
2009-09-13,26,13,84
2009-09-14,25,21,87
2009-09-15,26,12,78
2009-09-16,22,22,90
2009-09-17,23,13,82
2009-09-18,25,13,82
2009-09-19,24,15,86
2009-09-20,22,10,88
2009-09-21,23,8,89
2009-09-22,23,16,88
2009-09-23,25,10,84
2009-09-24,26,17,84
2009-09-25,26,16,73
2009-09-26,26,11,76
2009-09-27,26,11,85
2009-09-28,26,8,85
2009-09-29,27,8,83
2009-09-30,27,8,81
2009-10-01,23,13,91
2009-10-02,24,13,89
2009-10-03,23,6,89
2009-10-04,24,17,92
2009-10-05,23,10,88
2009-10-06,25,9,84
2009-10-07,27,8,84
2009-10-08,29,10,80
2009-10-09,24,17,88
2009-10-10,22,19,90
2009-10-11,25,9,87
2009-10-12,26,38,80
2009-10-13,22,11,58
2009-10-14,21,8,76
2009-10-15,18,14,70
2009-10-16,17,14,72
2009-10-17,18,24,88
2009-10-18,16,19,75
2009-10-19,16,12,75
2009-10-20,18,17,74
2009-10-21,22,24,90
2009-10-22,20,23,84
2009-10-23,16,35,91
2009-10-24,20,27,70
2009-10-25,21,15,72
2009-10-26,21,9,85
2009-10-27,22,8,86
2009-10-28,22,13,86
2009-10-29,20,11,87
2009-10-30,20,7,91
2009-10-31,18,10,85
2009-11-01,19,10,85
2009-11-02,19,29,94
2009-11-03,18,48,87
2009-11-04,18,25,88
2009-11-05,17,24,82
2009-11-06,16,23,83
2009-11-07,17,29,82
2009-11-08,15,33,88
2009-11-09,13,6,82
2009-11-10,15,20,82
2009-11-11,16,12,84
2009-11-12,16,10,83
2009-11-13,17,13,91
2009-11-14,19,14,91
2009-11-15,20,14,89
2009-11-16,21,17,87
2009-11-17,21,13,89
2009-11-18,20,13,65
2009-11-19,20,13,72
2009-11-20,19,14,80
2009-11-21,20,5,81
2009-11-22,22,13,87
2009-11-23,18,29,79
2009-11-24,17,29,80
2009-11-25,18,11,90
2009-11-26,18,19,90
2009-11-27,17,12,86
2009-11-28,15,22,82
2009-11-29,20,23,84
2009-11-30,17,40,93
2009-12-01,12,21,80
2009-12-02,13,10,81
2009-12-03,15,20,87
2009-12-04,14,42,86
2009-12-05,12,17,77
2009-12-06,15,13,89
2009-12-07,16,18,94
2009-12-08,16,29,94
2009-12-09,14,19,82
2009-12-10,16,10,79
2009-12-11,18,12,87
2009-12-12,15,5,72
2009-12-13,11,18,91
2009-12-14,12,29,90
2009-12-15,11,26,85
2009-12-16,9,22,87
2009-12-17,9,23,86
2009-12-18,11,27,78
2009-12-19,7,22,76
2009-12-20,6,10,77
2009-12-21,15,28,79
2009-12-22,16,33,93
2009-12-23,16,26,89
2009-12-24,17,27,96
2009-12-25,16,31,93
2009-12-26,14,17,90
2009-12-27,12,32,82
2009-12-28,15,21,92
2009-12-29,15,16,96
2009-12-30,17,26,95
2009-12-31,17,23,96
2010-01-01,14,44,90
2010-01-02,10,41,62
2010-01-03,10,8,55
2010-01-04,13,23,94
2010-01-05,16,24,96
2010-01-06,10,19,89
2010-01-07,13,20,81
2010-01-08,14,29,95
2010-01-09,10,33,93
2010-01-10,6,26,91
2010-01-11,9,5,85
2010-01-12,9,13,83
2010-01-13,9,27,92
2010-01-14,11,23,90
2010-01-15,11,15,92
2010-01-16,11,12,86
2010-01-17,12,14,95
2010-01-18,11,10,90
2010-01-19,13,11,90
2010-01-20,13,14,93
2010-01-21,10,27,89
2010-01-22,11,7,85
2010-01-23,10,12,84
2010-01-24,12,9,86
2010-01-25,10,14,93
2010-01-26,11,18,90
2010-01-27,11,28,89
2010-01-28,14,24,83
2010-01-29,11,22,87
2010-01-30,11,33,89
2010-01-31,8,31,62
2010-02-01,8,14,57
2010-02-02,7,22,74
2010-02-03,11,22,88
2010-02-04,15,14,88
2010-02-05,14,27,97
2010-02-06,12,35,81
2010-02-07,12,15,87
2010-02-08,13,9,86
2010-02-09,11,26,90
2010-02-10,9,34,91
2010-02-11,8,28,85
2010-02-12,5,30,89
2010-02-13,8,14,88
2010-02-14,9,13,78
2010-02-15,9,13,85
2010-02-16,14,17,92
2010-02-17,13,24,94
2010-02-18,13,23,93
2010-02-19,17,47,95
2010-02-20,10,45,74
2010-02-21,12,21,81
2010-02-22,13,17,95
2010-02-23,15,27,93
2010-02-24,14,19,92
2010-02-25,16,20,85
2010-02-26,15,31,92
2010-02-27,14,11,77
2010-02-28,16,26,86
2010-03-01,14,16,94
2010-03-02,15,18,83
2010-03-03,19,30,83
2010-03-04,12,35,92
2010-03-05,11,18,87
2010-03-06,11,12,72
2010-03-07,10,14,76
2010-03-08,10,27,78
2010-03-09,8,35,92
2010-03-10,7,23,88
2010-03-11,7,20,90
2010-03-12,9,13,85
2010-03-13,10,9,83
2010-03-14,13,13,84
2010-03-15,14,16,89
2010-03-16,14,16,82
2010-03-17,13,14,84
2010-03-18,16,12,76
2010-03-19,17,12,84
2010-03-20,18,16,84
2010-03-21,15,12,84
2010-03-22,19,13,93
2010-03-23,16,9,92
2010-03-24,18,12,91
2010-03-25,18,19,88
2010-03-26,17,24,96
2010-03-27,16,30,77
2010-03-28,16,23,82
2010-03-29,19,10,77
2010-03-30,17,32,95
2010-03-31,14,28,70
2010-04-01,14,24,87
2010-04-02,14,21,72
2010-04-03,16,15,88
2010-04-04,17,19,84
2010-04-05,14,26,78
2010-04-06,18,12,77
2010-04-07,19,17,67
2010-04-08,12,18,89
2010-04-09,16,14,84
2010-04-10,20,12,68
2010-04-11,18,21,91
2010-04-12,15,18,84
2010-04-13,14,8,79
2010-04-14,16,12,82
2010-04-15,17,11,77
2010-04-16,17,13,77
2010-04-17,18,13,81
2010-04-18,17,10,87
2010-04-19,17,18,77
2010-04-20,18,17,91
2010-04-21,20,13,85
2010-04-22,22,18,71
2010-04-23,17,12,96
2010-04-24,17,18,94
2010-04-25,19,14,88
2010-04-26,22,12,75
2010-04-27,21,10,84
2010-04-28,22,6,90
2010-04-29,23,10,69
2010-04-30,22,10,76
2010-05-01,21,10,81
2010-05-02,19,16,96
2010-05-03,21,12,85
2010-05-04,18,34,94
2010-05-05,16,16,90
2010-05-06,14,20,90
2010-05-07,15,17,87
2010-05-08,17,16,84
2010-05-09,21,13,80
2010-05-10,22,18,82
2010-05-11,21,24,89
2010-05-12,19,18,88
2010-05-13,18,19,90
2010-05-14,18,14,90
2010-05-15,16,33,90
2010-05-16,16,25,85
2010-05-17,18,15,78
2010-05-18,22,14,76
2010-05-19,21,19,88
2010-05-20,20,15,75
2010-05-21,23,14,63
2010-05-22,24,11,70
2010-05-23,25,8,75
2010-05-24,24,9,73
2010-05-25,24,10,75
2010-05-26,26,10,55
2010-05-27,24,15,88
2010-05-28,20,9,88
2010-05-29,22,14,88
2010-05-30,24,21,90
2010-05-31,24,34,86
2010-06-01,23,14,83
2010-06-02,23,15,82
2010-06-03,24,14,87
2010-06-04,24,12,88
2010-06-05,26,9,86
2010-06-06,27,10,86
2010-06-07,26,18,85
2010-06-08,27,6,89
2010-06-09,28,22,67
2010-06-10,25,21,75
2010-06-11,28,9,87
2010-06-12,25,13,92
2010-06-13,25,12,91
2010-06-14,26,10,91
2010-06-15,22,17,96
2010-06-16,22,19,93
2010-06-17,24,15,92
2010-06-18,23,20,83
2010-06-19,21,31,91
2010-06-20,19,26,80
2010-06-21,20,23,84
2010-06-22,20,8,82
2010-06-23,23,17,83
2010-06-24,24,12,86
2010-06-25,26,12,89
2010-06-26,25,12,89
2010-06-27,28,8,90
2010-06-28,28,12,86
2010-06-29,29,10,90
2010-06-30,28,11,94
2010-07-01,29,9,89
2010-07-02,30,10,86
2010-07-03,30,13,85
2010-07-04,30,16,83
2010-07-05,30,15,95
2010-07-06,30,9,93
2010-07-07,30,11,90
2010-07-08,31,8,89
2010-07-09,31,8,89
2010-07-10,31,12,87
2010-07-11,31,9,70
2010-07-12,32,12,74
2010-07-13,33,7,71
2010-07-14,32,7,73
2010-07-15,31,12,80
2010-07-16,32,13,78
2010-07-17,31,15,71
2010-07-18,31,20,61
2010-07-19,32,11,75
2010-07-20,31,14,74
2010-07-21,31,6,81
2010-07-22,32,9,75
2010-07-23,31,21,78
2010-07-24,29,24,63
2010-07-25,29,13,64
2010-07-26,27,11,67
2010-07-27,28,16,72
2010-07-28,29,12,78
2010-07-29,29,18,85
2010-07-30,26,14,76
2010-07-31,26,11,75
2010-08-01,28,7,76
2010-08-02,29,8,74
2010-08-03,28,19,84
2010-08-04,27,13,86
2010-08-05,26,28,87
2010-08-06,25,14,77
2010-08-07,26,12,78
2010-08-08,28,13,80
2010-08-09,28,14,84
2010-08-10,28,12,86
2010-08-11,28,13,84
2010-08-12,28,13,81
2010-08-13,27,11,85
2010-08-14,24,16,88
2010-08-15,25,15,77
2010-08-16,25,22,73
2010-08-17,26,15,77
2010-08-18,27,15,90
2010-08-19,28,10,79
2010-08-20,30,15,82
2010-08-21,31,10,83
2010-08-22,32,10,83
2010-08-23,30,12,85
2010-08-24,28,14,86
2010-08-25,29,13,85
2010-08-26,30,11,92
2010-08-27,31,17,84
2010-08-28,28,26,86
2010-08-29,27,12,89
2010-08-30,26,26,72
2010-08-31,26,10,66
2010-09-01,26,11,67
2010-09-02,27,13,75
2010-09-03,26,5,84
2010-09-04,28,12,75
2010-09-05,27,15,85
2010-09-06,27,10,89
2010-09-07,28,12,87
2010-09-08,25,20,91
2010-09-09,23,19,78
2010-09-10,24,14,82
2010-09-11,27,12,82
2010-09-12,26,12,74
2010-09-13,25,12,92
2010-09-14,25,15,84
2010-09-15,26,13,77
2010-09-16,26,19,89
2010-09-17,25,13,90
2010-09-18,26,14,83
2010-09-19,21,17,82
2010-09-20,25,6,84
2010-09-21,22,7,81
2010-09-22,23,11,82
2010-09-23,26,7,80
2010-09-24,24,9,82
2010-09-25,20,27,81
2010-09-26,18,22,84
2010-09-27,18,24,78
2010-09-28,20,19,78
2010-09-29,21,12,76
2010-09-30,22,13,85
2010-10-01,22,16,88
2010-10-02,22,8,87
2010-10-03,22,13,88
2010-10-04,25,17,93
2010-10-05,21,14,85
2010-10-06,22,7,86
2010-10-07,25,11,85
2010-10-08,24,13,80
2010-10-09,21,14,89
2010-10-10,21,22,91
2010-10-11,19,23,87
2010-10-12,21,22,89
2010-10-13,20,8,89
2010-10-14,20,10,88
2010-10-15,19,13,84
2010-10-16,17,15,88
2010-10-17,16,13,85
2010-10-18,16,11,83
2010-10-19,20,15,82
2010-10-20,17,40,78
2010-10-21,17,9,77
2010-10-22,19,9,82
2010-10-23,19,9,85
2010-10-24,19,17,86
2010-10-25,16,31,86
2010-10-26,16,23,85
2010-10-27,18,13,77
2010-10-28,19,9,82
2010-10-29,20,7,80
2010-10-30,20,15,81
2010-10-31,18,24,93
2010-11-01,17,14,88
2010-11-02,17,11,86
2010-11-03,18,8,85
2010-11-04,21,5,80
2010-11-05,22,6,74
2010-11-06,21,13,80
2010-11-07,18,14,93
2010-11-08,13,28,81
2010-11-09,16,17,78
2010-11-10,13,30,81
2010-11-11,13,19,72
2010-11-12,17,24,89
2010-11-13,19,12,83
2010-11-14,21,9,83
2010-11-15,20,14,88
2010-11-16,15,22,84
2010-11-17,15,11,79
2010-11-18,13,14,88
2010-11-19,14,14,77
2010-11-20,17,10,76
2010-11-21,15,15,92
2010-11-22,14,16,82
2010-11-23,12,29,79
2010-11-24,11,16,77
2010-11-25,13,22,67
2010-11-26,10,47,66
2010-11-27,12,9,57
2010-11-28,14,17,92
2010-11-29,11,19,62
2010-11-30,13,16,89
2010-12-01,12,19,85
2010-12-02,11,18,83
2010-12-03,10,13,78
2010-12-04,7,25,77
2010-12-05,12,14,71
2010-12-06,17,23,91
2010-12-07,18,18,96
2010-12-08,17,13,93
2010-12-09,16,28,94
2010-12-10,11,9,84
2010-12-11,14,12,79
2010-12-12,17,21,89
2010-12-13,11,13,85
2010-12-14,9,10,81
2010-12-15,8,16,69
2010-12-16,6,9,64
2010-12-17,12,36,89
2010-12-18,6,27,73
2010-12-19,12,17,83
2010-12-20,13,8,90
2010-12-21,15,15,90
2010-12-22,17,13,90
2010-12-23,16,15,94
2010-12-24,13,25,93
2010-12-25,8,25,86
2010-12-26,10,9,90
2010-12-27,8,12,84
2010-12-28,10,9,79
2010-12-29,11,8,88
2010-12-30,13,9,89
2010-12-31,12,11,87
2011-01-01,12,8,88
2011-01-02,13,8,86
2011-01-03,10,10,88
2011-01-04,10,8,74
2011-01-05,10,6,79
2011-01-06,12,17,93
2011-01-07,16,12,85
2011-01-08,16,14,85
2011-01-09,14,10,74
2011-01-10,14,14,91
2011-01-11,12,14,85
2011-01-12,11,9,84
2011-01-13,15,12,83
2011-01-14,14,10,95
2011-01-15,15,10,87
2011-01-16,15,5,84
2011-01-17,16,9,80
2011-01-18,14,8,84
2011-01-19,13,12,85
2011-01-20,11,14,85
2011-01-21,7,18,80
2011-01-22,9,12,79
2011-01-23,7,7,82
2011-01-24,10,9,69
2011-01-25,10,12,71
2011-01-26,9,15,83
2011-01-27,12,18,81
2011-01-28,9,17,84
2011-01-29,11,16,89
2011-01-30,13,6,84
2011-01-31,12,15,84
2011-02-01,13,14,73
2011-02-02,13,16,71
2011-02-03,13,18,55
2011-02-04,13,9,61
2011-02-05,15,9,71
2011-02-06,16,8,77
2011-02-07,17,6,76
2011-02-08,16,8,71
2011-02-09,14,10,77
2011-02-10,13,10,78
2011-02-11,13,11,77
2011-02-12,13,12,69
2011-02-13,13,13,89
2011-02-14,13,9,86
2011-02-15,14,18,88
2011-02-16,12,31,90
2011-02-17,12,21,87
2011-02-18,11,17,89
2011-02-19,14,13,73
2011-02-20,12,15,90
2011-02-21,12,10,79
2011-02-22,10,7,89
2011-02-23,11,17,71
2011-02-24,12,6,44
2011-02-25,12,12,55
2011-02-26,12,11,54
2011-02-27,11,19,86
2011-02-28,9,7,83
2011-03-01,9,21,91
2011-03-02,10,27,86
2011-03-03,9,11,86
2011-03-04,12,15,88
2011-03-05,11,13,85
2011-03-06,12,8,86
2011-03-07,13,14,83
2011-03-08,11,22,71
2011-03-09,12,8,81
2011-03-10,12,8,80
2011-03-11,15,6,79
2011-03-12,15,28,88
2011-03-13,13,28,95
2011-03-14,16,18,89
2011-03-15,18,28,91
2011-03-16,14,17,94
2011-03-17,13,18,92
2011-03-18,14,11,92
2011-03-19,17,8,89
2011-03-20,13,28,90
2011-03-21,13,17,68
2011-03-22,13,11,77
2011-03-23,15,9,81
2011-03-24,17,8,67
2011-03-25,17,11,81
2011-03-26,17,11,81
2011-03-27,17,12,87
2011-03-28,15,19,93
2011-03-29,15,13,93
2011-03-30,15,9,89
2011-03-31,17,10,87
2011-04-01,19,8,83
2011-04-02,20,9,82
2011-04-03,20,11,83
2011-04-04,19,16,73
2011-04-05,19,6,87
2011-04-06,20,8,68
2011-04-07,22,10,54
2011-04-08,22,14,71
2011-04-09,21,12,92
2011-04-10,22,7,88
2011-04-11,21,11,83
2011-04-12,20,19,95
2011-04-13,17,12,88
2011-04-14,14,15,91
2011-04-15,13,18,84
2011-04-16,16,15,76
2011-04-17,17,10,76
2011-04-18,18,10,83
2011-04-19,20,9,79
2011-04-20,18,12,80
2011-04-21,19,17,79
2011-04-22,16,26,90
2011-04-23,15,9,95
2011-04-24,19,9,92
2011-04-25,18,14,90
2011-04-26,20,8,91
2011-04-27,19,6,86
2011-04-28,19,12,87
2011-04-29,20,10,84
2011-04-30,16,22,87
2011-05-01,18,10,87
2011-05-02,19,22,86
2011-05-03,17,12,91
2011-05-04,19,13,93
2011-05-05,21,6,86
2011-05-06,21,10,78
2011-05-07,23,12,81
2011-05-08,22,10,88
2011-05-09,20,11,81
2011-05-10,22,13,75
2011-05-11,22,13,77
2011-05-12,23,13,76
2011-05-13,22,10,73
2011-05-14,24,8,70
2011-05-15,21,22,69
2011-05-16,19,12,76
2011-05-17,21,12,68
2011-05-18,22,8,75
2011-05-19,22,11,76
2011-05-20,22,11,79
2011-05-21,22,10,76
2011-05-22,23,12,81
2011-05-23,25,8,79
2011-05-24,25,8,78
2011-05-25,26,5,75
2011-05-26,25,11,86
2011-05-27,24,17,84
2011-05-28,21,20,76
2011-05-29,23,13,81
2011-05-30,24,6,77
2011-05-31,24,10,75
2011-06-01,19,21,77
2011-06-02,20,9,77
2011-06-03,24,10,85
2011-06-04,25,7,83
2011-06-05,23,8,82
2011-06-06,24,10,84
2011-06-07,21,14,88
2011-06-08,20,17,88
2011-06-09,21,22,73
2011-06-10,22,18,79
2011-06-11,22,20,85
2011-06-12,22,18,78
2011-06-13,24,15,85
2011-06-14,24,10,86
2011-06-15,26,10,76
2011-06-16,25,14,79
2011-06-17,26,14,77
2011-06-18,28,15,80
2011-06-19,22,25,68
2011-06-20,25,15,80
2011-06-21,27,9,78
2011-06-22,28,9,79
2011-06-23,28,11,72
2011-06-24,26,21,75
2011-06-25,27,6,76
2011-06-26,28,9,73
2011-06-27,30,10,70
2011-06-28,30,13,69
2011-06-29,29,13,84
2011-06-30,27,17,86
2011-07-01,27,17,83
2011-07-02,25,20,75
2011-07-03,26,17,75
2011-07-04,27,16,74
2011-07-05,26,14,91
2011-07-06,27,18,84
2011-07-07,29,10,79
2011-07-08,29,12,76
2011-07-09,28,12,80
2011-07-10,30,5,78
2011-07-11,31,5,74
2011-07-12,32,8,69
2011-07-13,30,13,87
2011-07-14,25,21,79
2011-07-15,25,20,71
2011-07-16,27,18,76
2011-07-17,30,15,76
2011-07-18,25,22,67
2011-07-19,24,23,89
2011-07-20,22,41,75
2011-07-21,25,23,74
2011-07-22,26,19,73
2011-07-23,24,25,70
2011-07-24,24,37,65
2011-07-25,24,15,72
2011-07-26,23,14,83
2011-07-27,23,9,91
2011-07-28,24,15,85
2011-07-29,26,15,85
2011-07-30,26,17,83
2011-07-31,24,14,92
2011-08-01,24,10,89
2011-08-02,27,6,86
2011-08-03,27,13,79
2011-08-04,27,13,94
2011-08-05,27,14,89
2011-08-06,29,9,80
2011-08-07,29,14,76
2011-08-08,27,18,90
2011-08-09,26,18,77
2011-08-10,27,8,78
2011-08-11,28,9,69
2011-08-12,28,14,71
2011-08-13,28,14,88
2011-08-14,28,9,80
2011-08-15,28,15,84
2011-08-16,29,9,87
2011-08-17,29,6,83
2011-08-18,31,7,78
2011-08-19,30,6,79
2011-08-20,31,9,79
2011-08-21,32,6,77
2011-08-22,32,6,73
2011-08-23,32,6,74
2011-08-24,32,6,71
2011-08-25,31,9,81
2011-08-26,32,10,77
2011-08-27,25,26,71
2011-08-28,27,13,79
2011-08-29,28,14,87
2011-08-30,28,15,87
2011-08-31,28,9,87
2011-09-01,30,10,80
2011-09-02,32,9,80
2011-09-03,29,9,88
2011-09-04,25,13,90
2011-09-05,25,19,87
2011-09-06,26,13,69
2011-09-07,27,19,77
2011-09-08,27,14,85
2011-09-09,26,14,88
2011-09-10,27,9,85
2011-09-11,29,8,87
2011-09-12,27,12,80
2011-09-13,27,7,85
2011-09-14,28,6,80
2011-09-15,28,5,81
2011-09-16,28,8,82
2011-09-17,28,10,73
2011-09-18,27,20,87
2011-09-19,20,41,71
2011-09-20,23,12,70
2011-09-21,26,13,72
2011-09-22,25,13,72
2011-09-23,26,6,85
2011-09-24,25,6,83
2011-09-25,23,9,80
2011-09-26,25,7,73
2011-09-27,27,12,81
2011-09-28,27,13,72
2011-09-29,26,13,73
2011-09-30,26,10,73
2011-10-01,26,9,71
2011-10-02,27,9,67
2011-10-03,26,9,73
2011-10-04,26,9,82
2011-10-05,26,7,85
2011-10-06,25,12,77
2011-10-07,24,36,84
2011-10-08,20,10,68
2011-10-09,19,17,64
2011-10-10,21,11,65
2011-10-11,25,6,83
2011-10-12,26,12,88
2011-10-13,26,7,88
2011-10-14,22,23,80
2011-10-15,19,26,58
2011-10-16,21,12,63
2011-10-17,20,10,71
2011-10-18,20,11,79
2011-10-19,21,15,84
2011-10-20,19,20,84
2011-10-21,17,8,78
2011-10-22,18,11,79
2011-10-23,18,10,80
2011-10-24,21,17,85
2011-10-25,20,18,88
2011-10-26,18,15,74
2011-10-27,20,13,80
2011-10-28,20,17,84
2011-10-29,21,13,89
2011-10-30,20,10,86
2011-10-31,19,11,85
2011-11-01,19,9,87
2011-11-02,21,8,85
2011-11-03,22,16,83
2011-11-04,21,23,87
2011-11-05,21,29,86
2011-11-06,18,15,78
2011-11-07,18,26,86
2011-11-08,19,24,78
2011-11-09,18,12,81
2011-11-10,20,5,77
2011-11-11,18,4,77
2011-11-12,18,8,74
2011-11-13,18,10,56
2011-11-14,19,7,59
2011-11-15,18,10,67
2011-11-16,17,14,71
2011-11-17,17,11,76
2011-11-18,18,9,71
2011-11-19,19,15,75
2011-11-20,17,17,83
2011-11-21,17,18,86
2011-11-22,16,23,85
2011-11-23,17,10,79
2011-11-24,17,13,68
2011-11-25,17,5,70
2011-11-26,17,4,71
2011-11-27,18,5,75
2011-11-28,18,9,73
2011-11-29,16,8,81
2011-11-30,17,5,71
2011-12-01,18,9,85
2011-12-02,17,17,82
2011-12-03,16,19,88
2011-12-04,16,28,88
2011-12-05,16,40,87
2011-12-06,14,42,70
2011-12-07,14,41,80
2011-12-08,16,20,70
2011-12-09,17,16,83
2011-12-10,16,16,88
2011-12-11,16,13,87
2011-12-12,15,23,87
2011-12-13,14,16,74
2011-12-14,16,23,88
2011-12-15,14,37,78
2011-12-16,17,40,83
2011-12-17,12,27,76
2011-12-18,10,24,75
2011-12-19,7,13,76
2011-12-20,13,13,91
2011-12-21,10,9,77
2011-12-22,12,5,67
2011-12-23,15,5,70
2011-12-24,16,32,78
2011-12-25,10,16,64
2011-12-26,13,18,59
2011-12-27,13,12,68
2011-12-28,15,5,63
2011-12-29,14,9,83
2011-12-30,15,44,81
2011-12-31,13,7,73
2012-01-01,14,8,83
2012-01-02,15,25,93
2012-01-03,13,15,81
2012-01-04,16,33,88
2012-01-05,17,44,78
2012-01-06,12,36,51
2012-01-07,12,17,73
2012-01-08,15,9,74
2012-01-09,12,9,62
2012-01-10,14,10,73
2012-01-11,14,6,70
2012-01-12,14,12,72
2012-01-13,15,21,87
2012-01-14,11,8,83
2012-01-15,13,7,57
2012-01-16,11,12,84
2012-01-17,9,5,82
2012-01-18,10,6,78
2012-01-19,13,18,83
2012-01-20,16,37,87
2012-01-21,14,10,70
2012-01-22,17,8,82
2012-01-23,14,10,85
2012-01-24,13,12,82
2012-01-25,11,13,64
2012-01-26,12,10,67
2012-01-27,12,9,81
2012-01-28,11,11,79
2012-01-29,10,9,89
2012-01-30,10,20,87
2012-01-31,9,18,88
2012-02-01,7,26,88
2012-02-02,7,23,82
2012-02-03,6,26,74
2012-02-04,4,13,71
2012-02-05,5,12,65
2012-02-06,5,19,73
2012-02-07,6,21,76
2012-02-08,5,22,79
2012-02-09,8,10,67
2012-02-10,7,32,81
2012-02-11,2,8,79
2012-02-12,3,5,81
2012-02-13,5,6,80
2012-02-14,6,8,72
2012-02-15,8,22,83
2012-02-16,9,5,73
2012-02-17,11,16,85
2012-02-18,11,12,88
2012-02-19,10,15,89
2012-02-20,10,12,81
2012-02-21,10,19,86
2012-02-22,14,30,67
2012-02-23,14,9,58
2012-02-24,15,9,66
2012-02-25,16,14,83
2012-02-26,17,8,84
2012-02-27,11,15,67
2012-02-28,13,11,78
2012-02-29,16,13,66
2012-03-01,16,8,70
2012-03-02,17,10,86
2012-03-03,17,14,80
2012-03-04,15,9,91
2012-03-05,13,19,90
2012-03-06,9,14,86
2012-03-07,10,15,83
2012-03-08,15,8,79
2012-03-09,13,22,73
2012-03-10,17,24,64
2012-03-11,17,19,55
2012-03-12,16,12,69
2012-03-13,16,9,87
2012-03-14,17,8,82
2012-03-15,17,9,84
2012-03-16,17,7,81
2012-03-17,19,10,75
2012-03-18,18,12,81
2012-03-19,14,14,84
2012-03-20,14,17,83
2012-03-21,18,18,70
2012-03-22,19,17,71
2012-03-23,18,14,86
2012-03-24,17,6,87
2012-03-25,18,8,65
2012-03-26,18,12,78
2012-03-27,19,12,61
2012-03-28,19,7,59
2012-03-29,19,13,71
2012-03-30,19,16,69
2012-03-31,19,17,88
2012-04-01,19,14,92
2012-04-02,19,9,88
2012-04-03,17,8,87
2012-04-04,18,6,89
2012-04-05,16,11,93
2012-04-06,17,16,92
2012-04-07,16,26,87
2012-04-08,14,27,82
2012-04-09,13,11,78
2012-04-10,17,13,85
2012-04-11,15,36,92
2012-04-12,17,19,83
2012-04-13,15,15,87
2012-04-14,13,29,85
2012-04-15,15,17,82
2012-04-16,14,12,84
2012-04-17,16,13,83
2012-04-18,14,22,88
2012-04-19,15,22,87
2012-04-20,13,36,85
2012-04-21,16,24,83
2012-04-22,16,18,91
2012-04-23,17,15,76
2012-04-24,15,36,84
2012-04-25,16,18,79
2012-04-26,21,17,79
2012-04-27,23,13,77
2012-04-28,23,30,69
2012-04-29,17,16,88
2012-04-30,19,19,93
2012-05-01,16,10,93
2012-05-02,17,11,82
2012-05-03,20,12,76
2012-05-04,20,15,76
2012-05-05,19,21,94
2012-05-06,16,17,93
2012-05-07,17,18,89
2012-05-08,20,15,87
2012-05-09,21,12,76
2012-05-10,23,9,79
2012-05-11,25,8,78
2012-05-12,25,14,80
2012-05-13,24,14,87
2012-05-14,19,15,69
2012-05-15,20,24,74
2012-05-16,19,30,64
2012-05-17,19,11,66
2012-05-18,20,9,72
2012-05-19,22,20,71
2012-05-20,20,12,91
2012-05-21,17,23,87
2012-05-22,17,12,86
2012-05-23,20,11,83
2012-05-24,24,8,79
2012-05-25,25,9,77
2012-05-26,22,8,82
2012-05-27,22,12,80
2012-05-28,22,8,84
2012-05-29,22,11,90
2012-05-30,22,13,83
2012-05-31,21,11,90
2012-06-01,24,17,86
2012-06-02,24,11,78
2012-06-03,26,7,78
2012-06-04,22,28,87
2012-06-05,23,15,81
2012-06-06,24,16,84
2012-06-07,27,10,73
2012-06-08,24,18,83
2012-06-09,25,17,81
2012-06-10,24,19,86
2012-06-11,23,18,90
2012-06-12,21,29,85
2012-06-13,20,25,72
2012-06-14,23,11,77
2012-06-15,25,7,74
2012-06-16,28,7,68
2012-06-17,28,9,70
2012-06-18,29,6,69
2012-06-19,29,6,68
2012-06-20,28,8,69
2012-06-21,27,14,88
2012-06-22,27,16,83
2012-06-23,28,13,69
2012-06-24,29,14,74
2012-06-25,29,18,81
2012-06-26,28,11,80
2012-06-27,29,7,76
2012-06-28,29,11,81
2012-06-29,30,6,78
2012-06-30,31,6,73
2012-07-01,32,6,74
2012-07-02,26,22,87
2012-07-03,27,15,77
2012-07-04,28,11,76
2012-07-05,29,5,75
2012-07-06,28,15,79
2012-07-07,29,9,69
2012-07-08,31,12,75
2012-07-09,30,12,71
2012-07-10,30,13,72
2012-07-11,29,14,74
2012-07-12,28,21,73
2012-07-13,28,20,71
2012-07-14,29,15,82
2012-07-15,25,25,61
2012-07-16,27,12,76
2012-07-17,29,10,69
2012-07-18,30,8,70
2012-07-19,30,17,72
2012-07-20,30,14,72
2012-07-21,29,19,67
2012-07-22,26,13,74
2012-07-23,23,27,76
2012-07-24,24,11,83
2012-07-25,26,12,81
2012-07-26,29,10,75
2012-07-27,31,6,71
2012-07-28,32,17,72
2012-07-29,29,17,81
2012-07-30,29,17,72
2012-07-31,30,15,74
2012-08-01,30,11,76
2012-08-02,30,10,70
2012-08-03,30,9,78
2012-08-04,31,6,77
2012-08-05,31,6,82
2012-08-06,30,14,80
2012-08-07,30,12,73
2012-08-08,31,14,76
2012-08-09,30,13,76
2012-08-10,31,8,78
2012-08-11,30,10,76
2012-08-12,30,12,77
2012-08-13,29,10,82
2012-08-14,29,10,84
2012-08-15,30,10,78
2012-08-16,30,12,92
2012-08-17,30,7,84
2012-08-18,32,5,79
2012-08-19,32,8,76
2012-08-20,33,8,74
2012-08-21,32,10,82
2012-08-22,31,9,79
2012-08-23,32,9,80
2012-08-24,32,6,80
2012-08-25,32,14,89
2012-08-26,27,26,79
2012-08-27,28,9,76
2012-08-28,29,11,79
2012-08-29,30,9,84
2012-08-30,30,8,77
2012-08-31,26,35,71
2012-09-01,22,11,74
2012-09-02,21,9,79
2012-09-03,22,15,88
2012-09-04,22,15,83
2012-09-05,24,12,83
2012-09-06,25,8,81
2012-09-07,28,8,79
2012-09-08,28,9,72
2012-09-09,27,10,73
2012-09-10,26,9,79
2012-09-11,28,10,76
2012-09-12,28,23,74
2012-09-13,23,26,80
2012-09-14,22,18,68
2012-09-15,26,9,73
2012-09-16,27,10,81
2012-09-17,25,10,80
2012-09-18,27,8,80
2012-09-19,24,20,76
2012-09-20,22,6,74
2012-09-21,25,8,75
2012-09-22,28,8,77
2012-09-23,28,12,88
2012-09-24,26,27,80
2012-09-25,25,24,86
2012-09-26,26,18,84
2012-09-27,27,12,89
2012-09-28,27,18,79
2012-09-29,24,26,96
2012-09-30,24,10,87
2012-10-01,22,16,86
2012-10-02,22,17,86
2012-10-03,24,13,79
2012-10-04,24,11,83
2012-10-05,24,4,76
2012-10-06,26,8,83
2012-10-07,25,17,94
2012-10-08,23,8,87
2012-10-09,25,20,92
2012-10-10,24,18,87
2012-10-11,23,13,88
2012-10-12,22,16,88
2012-10-13,21,14,79
2012-10-14,22,13,82
2012-10-15,19,23,90
2012-10-16,17,23,72
2012-10-17,22,10,85
2012-10-18,24,19,88
2012-10-19,23,19,90
2012-10-20,25,16,90
2012-10-21,26,17,87
2012-10-22,22,8,92
2012-10-23,23,8,86
2012-10-24,20,6,84
2012-10-25,23,6,84
2012-10-26,24,17,87
2012-10-27,19,31,85
2012-10-28,11,50,87
2012-10-29,13,18,82
2012-10-30,17,8,77
2012-10-31,21,33,89
2012-11-01,17,26,84
2012-11-02,17,14,76
2012-11-03,20,18,88
2012-11-04,21,16,97
2012-11-05,21,31,71
2012-11-06,16,22,66
2012-11-07,16,9,66
2012-11-08,19,6,61
2012-11-09,21,7,72
2012-11-10,21,14,89
2012-11-11,19,15,89
2012-11-12,19,11,86
2012-11-13,21,17,87
2012-11-14,21,19,82
2012-11-15,20,10,74
2012-11-16,18,4,67
2012-11-17,19,8,78
2012-11-18,17,13,80
2012-11-19,16,12,87
2012-11-20,16,11,86
2012-11-21,18,9,74
2012-11-22,17,10,86
2012-11-23,16,11,85
2012-11-24,18,6,80
2012-11-25,18,8,79
2012-11-26,20,11,78
2012-11-27,19,14,68
2012-11-28,16,24,91
2012-11-29,12,27,87
2012-11-30,11,20,89
2012-12-01,10,10,81
2012-12-02,12,23,79
2012-12-03,10,14,55
2012-12-04,14,35,87
2012-12-05,11,35,77
2012-12-06,11,20,71
2012-12-07,14,23,84
2012-12-08,10,26,72
2012-12-09,8,10,71
2012-12-10,14,37,72
2012-12-11,11,7,59
2012-12-12,10,5,57
2012-12-13,12,15,75
2012-12-14,14,18,91
2012-12-15,15,33,96
2012-12-16,16,11,80
2012-12-17,14,27,86
2012-12-18,14,27,66
2012-12-19,12,6,65
2012-12-20,14,12,73
2012-12-21,13,15,82
2012-12-22,11,12,79
2012-12-23,15,15,94
2012-12-24,17,9,86
2012-12-25,17,12,85
2012-12-26,15,18,96
2012-12-27,13,26,82
2012-12-28,14,14,69
2012-12-29,16,9,63
2012-12-30,14,12,84
2012-12-31,14,9,78
2013-01-01,13,16,88
2013-01-02,12,8,83
2013-01-03,12,14,81
2013-01-04,15,9,80
2013-01-05,16,12,90
2013-01-06,16,8,83
2013-01-07,16,9,81
2013-01-08,15,9,84
2013-01-09,14,11,83
2013-01-10,13,18,89
2013-01-11,12,41,78
2013-01-12,11,17,79
2013-01-13,15,23,89
2013-01-14,9,22,80
2013-01-15,10,30,85
2013-01-16,7,28,79
2013-01-17,8,29,74
2013-01-18,8,10,71
2013-01-19,13,21,93
2013-01-20,14,16,93
2013-01-21,11,23,81
2013-01-22,10,46,68
2013-01-23,11,24,86
2013-01-24,11,14,82
2013-01-25,9,19,77
2013-01-26,10,9,72
2013-01-27,11,17,79
2013-01-28,12,18,94
2013-01-29,11,15,75
2013-01-30,15,15,88
2013-01-31,15,14,82
2013-02-01,16,23,82
2013-02-02,14,41,87
2013-02-03,9,22,79
2013-02-04,11,16,75
2013-02-05,15,29,84
2013-02-06,10,17,77
2013-02-07,8,22,84
2013-02-08,8,7,72
2013-02-09,6,9,67
2013-02-10,7,10,64
2013-02-11,11,26,92
2013-02-12,9,9,74
2013-02-13,8,13,75
2013-02-14,10,12,73
2013-02-15,11,17,82
2013-02-16,10,5,76
2013-02-17,12,6,70
2013-02-18,11,9,70
2013-02-19,11,8,57
2013-02-20,13,9,52
2013-02-21,13,19,81
2013-02-22,11,11,73
2013-02-23,9,16,91
2013-02-24,6,30,90
2013-02-25,6,19,84
2013-02-26,9,15,74
2013-02-27,11,7,63
2013-02-28,13,14,60
2013-03-01,11,27,87
2013-03-02,13,25,83
2013-03-03,15,10,84
2013-03-04,15,11,81
2013-03-05,14,28,90
2013-03-06,16,30,92
2013-03-07,15,17,95
2013-03-08,15,23,97
2013-03-09,15,30,92
2013-03-10,16,19,93
2013-03-11,15,20,88
2013-03-12,15,21,84
2013-03-13,15,11,82
2013-03-14,11,24,84
2013-03-15,7,9,86
2013-03-16,8,10,75
2013-03-17,15,22,88
2013-03-18,14,31,93
2013-03-19,13,23,77
2013-03-20,14,14,95
2013-03-21,12,21,76
2013-03-22,17,12,92
2013-03-23,18,13,77
2013-03-24,17,15,89
2013-03-25,12,27,90
2013-03-26,16,21,90
2013-03-27,14,12,84
2013-03-28,15,13,89
2013-03-29,16,17,97
2013-03-30,15,27,96
2013-03-31,14,18,92
2013-04-01,15,16,87
2013-04-02,13,21,89
2013-04-03,14,16,87
2013-04-04,18,27,86
2013-04-05,13,20,90
2013-04-06,16,12,86
2013-04-07,15,16,88
2013-04-08,15,23,84
2013-04-09,16,24,82
2013-04-10,16,21,81
2013-04-11,19,19,92
2013-04-12,18,18,95
2013-04-13,16,15,76
2013-04-14,20,8,80
2013-04-15,22,8,79
2013-04-16,21,9,80
2013-04-17,21,6,76
2013-04-18,22,10,78
2013-04-19,21,16,92
2013-04-20,15,25,73
2013-04-21,14,14,83
2013-04-22,15,9,85
2013-04-23,15,7,83
2013-04-24,20,17,66
2013-04-25,20,21,76
2013-04-26,23,21,85
2013-04-27,19,18,94
2013-04-28,18,20,90
2013-04-29,22,26,84
2013-04-30,21,10,88
2013-05-01,22,10,88
2013-05-02,22,6,86
2013-05-03,21,11,87
2013-05-04,20,11,85
2013-05-05,18,9,91
2013-05-06,18,13,90
2013-05-07,20,19,89
2013-05-08,21,12,89
2013-05-09,21,12,82
2013-05-10,22,19,81
2013-05-11,19,24,75
2013-05-12,20,24,79
2013-05-13,20,14,82
2013-05-14,22,12,83
2013-05-15,22,18,90
2013-05-16,19,15,93
2013-05-17,17,22,81
2013-05-18,22,16,84
2013-05-19,17,26,73
2013-05-20,18,17,77
2013-05-21,19,5,76
2013-05-22,22,18,75
2013-05-23,18,29,81
2013-05-24,16,39,67
2013-05-25,15,37,68
2013-05-26,17,22,70
2013-05-27,21,11,74
2013-05-28,19,20,92
2013-05-29,17,24,76
2013-05-30,16,30,79
2013-05-31,18,23,87
2013-06-01,20,13,82
2013-06-02,20,16,89
2013-06-03,19,9,91
2013-06-04,21,11,86
2013-06-05,22,12,73
2013-06-06,22,10,76
2013-06-07,24,12,76
2013-06-08,23,16,78
2013-06-09,22,15,83
2013-06-10,19,14,87
2013-06-11,21,20,91
2013-06-12,24,9,80
2013-06-13,26,10,70
2013-06-14,26,14,83
2013-06-15,27,12,75
2013-06-16,28,7,68
2013-06-17,28,13,64
2013-06-18,28,16,63
2013-06-19,29,15,79
2013-06-20,27,12,76
2013-06-21,25,14,74
2013-06-22,24,16,80
2013-06-23,25,21,80
2013-06-24,23,29,69
2013-06-25,24,14,78
2013-06-26,24,9,72
2013-06-27,25,16,73
2013-06-28,24,15,77
2013-06-29,24,14,70
2013-06-30,24,8,76
2013-07-01,26,6,69
2013-07-02,27,7,72
2013-07-03,25,12,73
2013-07-04,25,5,88
2013-07-05,28,8,75
2013-07-06,30,9,67
2013-07-07,29,7,73
2013-07-08,27,8,78
2013-07-09,28,9,79
2013-07-10,28,12,79
2013-07-11,27,12,79
2013-07-12,27,10,75
2013-07-13,28,12,76
2013-07-14,28,11,80
2013-07-15,28,11,78
2013-07-16,29,10,76
2013-07-17,30,9,74
2013-07-18,28,11,75
2013-07-19,28,9,82
2013-07-20,27,9,78
2013-07-21,28,7,75
2013-07-22,30,9,77
2013-07-23,30,12,76
2013-07-24,29,13,72
2013-07-25,30,13,80
2013-07-26,32,7,74
2013-07-27,32,8,72
2013-07-28,33,10,71
2013-07-29,30,19,80
2013-07-30,29,17,73
2013-07-31,31,8,70
2013-08-01,31,10,72
2013-08-02,32,10,73
2013-08-03,32,9,71
2013-08-04,31,9,77
2013-08-05,32,8,72
2013-08-06,32,12,67
2013-08-07,34,12,68
2013-08-08,28,10,78
2013-08-09,27,14,79
2013-08-10,30,12,72
2013-08-11,30,10,74
2013-08-12,30,12,73
2013-08-13,29,14,78
2013-08-14,30,15,84
2013-08-15,28,5,84
2013-08-16,32,8,77
2013-08-17,31,8,76
2013-08-18,30,10,78
2013-08-19,30,15,82
2013-08-20,29,13,74
2013-08-21,30,13,75
2013-08-22,31,10,77
2013-08-23,31,10,73
2013-08-24,30,13,75
2013-08-25,27,22,77
2013-08-26,26,16,69
2013-08-27,26,15,72
2013-08-28,27,16,81
2013-08-29,28,10,84
2013-08-30,29,10,86
2013-08-31,28,6,74
2013-09-01,30,7,66
2013-09-02,29,5,71
2013-09-03,30,8,73
2013-09-04,31,5,75
2013-09-05,32,12,73
2013-09-06,29,8,86
2013-09-07,29,5,82
2013-09-08,29,12,84
2013-09-09,26,20,86
2013-09-10,25,22,82
2013-09-11,23,24,76
2013-09-12,24,24,74
2013-09-13,25,9,76
2013-09-14,26,20,74
2013-09-15,25,21,89
2013-09-16,24,23,84
2013-09-17,22,47,70
2013-09-18,25,33,77
2013-09-19,24,24,80
2013-09-20,24,8,85
2013-09-21,26,8,87
2013-09-22,27,8,79
2013-09-23,27,9,70
2013-09-24,26,9,76
2013-09-25,26,9,78
2013-09-26,26,9,81
2013-09-27,28,9,78
2013-09-28,30,9,75
2013-09-29,24,24,87
2013-09-30,24,22,84
2013-10-01,24,15,89
2013-10-02,24,5,88
2013-10-03,24,18,81
2013-10-04,26,19,87
2013-10-05,27,17,94
2013-10-06,24,9,87
2013-10-07,23,8,86
2013-10-08,22,5,84
2013-10-09,23,10,85
2013-10-10,22,24,84
2013-10-11,18,19,68
2013-10-12,20,10,84
2013-10-13,24,12,80
2013-10-14,25,11,80
2013-10-15,23,14,83
2013-10-16,23,26,86
2013-10-17,24,10,84
2013-10-18,24,9,88
2013-10-19,23,9,85
2013-10-20,25,12,91
2013-10-21,26,9,91
2013-10-22,27,15,87
2013-10-23,26,11,85
2013-10-24,23,11,93
2013-10-25,25,9,91
2013-10-26,26,10,88
2013-10-27,26,13,88
2013-10-28,26,12,95
2013-10-29,25,9,88
2013-10-30,23,9,89
2013-10-31,22,15,87
2013-11-01,24,11,85
2013-11-02,22,13,85
2013-11-03,21,25,88
2013-11-04,22,33,90
2013-11-05,18,26,73
2013-11-06,19,27,77
2013-11-07,22,17,78
2013-11-08,24,14,91
2013-11-09,20,24,77
2013-11-10,18,49,87
2013-11-11,17,30,60
2013-11-12,17,30,76
2013-11-13,21,11,75
2013-11-14,19,12,85
2013-11-15,15,7,66
2013-11-16,16,19,87
2013-11-17,18,20,85
2013-11-18,18,29,85
2013-11-19,16,15,81
2013-11-20,15,26,74
2013-11-21,14,32,86
2013-11-22,11,12,90
2013-11-23,10,26,89
2013-11-24,12,13,81
2013-11-25,15,10,70
2013-11-26,10,10,61
2013-11-27,9,15,51
2013-11-28,10,13,67
2013-11-29,14,8,67
2013-11-30,15,19,85
2013-12-01,13,32,72
2013-12-02,15,37,79
2013-12-03,17,18,61
2013-12-04,16,9,70
2013-12-05,17,9,84
2013-12-06,18,13,85
2013-12-07,15,6,79
2013-12-08,15,8,83
2013-12-09,16,7,78
2013-12-10,15,5,79
2013-12-11,17,5,80
2013-12-12,17,5,78
2013-12-13,16,7,83
2013-12-14,14,9,87
2013-12-15,14,6,81
2013-12-16,16,5,71
2013-12-17,17,3,65
2013-12-18,17,3,67
2013-12-19,16,15,75
2013-12-20,14,14,84
2013-12-21,15,10,89
2013-12-22,17,8,81
2013-12-23,16,6,80
2013-12-24,16,15,90
2013-12-25,17,26,80
2013-12-26,14,43,76
2013-12-27,11,7,77
2013-12-28,15,18,88
2013-12-29,15,19,73
2013-12-30,13,8,75
2013-12-31,14,9,77
2014-01-01,14,11,84
2014-01-02,14,21,91
2014-01-03,15,13,94
2014-01-04,15,25,95
2014-01-05,13,46,82
2014-01-06,13,7,78
2014-01-07,15,8,81
2014-01-08,17,2,80
2014-01-09,18,5,76
2014-01-10,18,6,78
2014-01-11,16,11,86
2014-01-12,15,4,88
2014-01-13,15,11,90
2014-01-14,13,24,87
2014-01-15,12,6,72
2014-01-16,14,18,86
2014-01-17,15,15,84
2014-01-18,17,15,89
2014-01-19,15,13,84
2014-01-20,13,8,88
2014-01-21,12,20,90
2014-01-22,13,11,74
2014-01-23,12,10,84
2014-01-24,13,26,73
2014-01-25,11,13,64
2014-01-26,16,24,64
2014-01-27,16,31,85
2014-01-28,10,20,68
2014-01-29,12,17,85
2014-01-30,13,21,91
2014-01-31,12,11,81
2014-02-01,12,12,83
2014-02-02,11,10,88
2014-02-03,12,10,85
2014-02-04,13,19,83
2014-02-05,14,35,92
2014-02-06,12,14,69
2014-02-07,18,25,97
2014-02-08,15,27,87
2014-02-09,12,38,70
2014-02-10,15,25,95
2014-02-11,11,19,89
2014-02-12,13,11,70
2014-02-13,14,25,91
2014-02-14,15,19,68
2014-02-15,19,15,83
2014-02-16,19,10,66
2014-02-17,17,8,82
2014-02-18,19,28,74
2014-02-19,17,15,88
2014-02-20,14,13,84
2014-02-21,15,16,80
2014-02-22,12,28,64
2014-02-23,14,5,67
2014-02-24,15,6,62
2014-02-25,15,7,54
2014-02-26,14,19,87
2014-02-27,13,17,72
2014-02-28,13,21,82
2014-03-01,11,24,75
2014-03-02,11,11,84
2014-03-03,13,20,91
2014-03-04,10,24,87
2014-03-05,12,20,86
2014-03-06,15,20,76
2014-03-07,17,15,83
2014-03-08,18,12,73
2014-03-09,18,18,75
2014-03-10,18,13,76
2014-03-11,14,9,80
2014-03-12,15,13,74
2014-03-13,19,9,75
2014-03-14,19,9,62
2014-03-15,18,15,74
2014-03-16,17,11,88
2014-03-17,20,13,84
2014-03-18,19,16,86
2014-03-19,20,9,87
2014-03-20,20,14,82
2014-03-21,19,8,87
2014-03-22,17,20,90
2014-03-23,14,30,86
2014-03-24,12,33,75
2014-03-25,15,19,88
2014-03-26,13,17,85
2014-03-27,13,16,87
2014-03-28,16,10,85
2014-03-29,19,19,76
2014-03-30,18,13,82
2014-03-31,18,11,86
2014-04-01,17,13,93
2014-04-02,21,10,81
2014-04-03,21,30,74
2014-04-04,16,13,90
2014-04-05,17,12,90
2014-04-06,20,8,85
2014-04-07,22,11,68
2014-04-08,20,17,80
2014-04-09,20,8,84
2014-04-10,21,9,87
2014-04-11,20,12,93
2014-04-12,20,8,88
2014-04-13,20,8,91
2014-04-14,20,16,90
2014-04-15,21,14,92
2014-04-16,17,14,63
2014-04-17,18,18,72
2014-04-18,20,20,92
2014-04-19,17,25,87
2014-04-20,20,10,82
2014-04-21,19,18,95
2014-04-22,20,6,90
2014-04-23,22,18,86
2014-04-24,21,16,91
2014-04-25,24,10,85
2014-04-26,21,17,85
2014-04-27,18,35,89
2014-04-28,17,30,83
2014-04-29,19,15,80
2014-04-30,20,33,91
2014-05-01,20,15,81
2014-05-02,18,23,89
2014-05-03,18,14,88
2014-05-04,20,12,84
2014-05-05,21,11,80
2014-05-06,21,12,74
2014-05-07,23,14,66
2014-05-08,22,10,86
2014-05-09,23,13,87
2014-05-10,23,16,87
2014-05-11,24,20,83
2014-05-12,21,22,67
2014-05-13,20,33,69
2014-05-14,20,14,70
2014-05-15,21,13,66
2014-05-16,23,19,64
2014-05-17,21,13,68
2014-05-18,24,12,77
2014-05-19,19,15,91
2014-05-20,23,10,88
2014-05-21,26,22,79
2014-05-22,26,13,88
2014-05-23,23,14,92
2014-05-24,23,12,76
2014-05-25,26,15,84
2014-05-26,20,15,89
2014-05-27,21,22,77
2014-05-28,22,17,84
2014-05-29,22,18,79
2014-05-30,22,19,80
2014-05-31,23,13,88
2014-06-01,24,9,83
2014-06-02,25,10,75
2014-06-03,25,13,79
2014-06-04,24,16,77
2014-06-05,25,13,80
2014-06-06,29,12,76
2014-06-07,29,8,70
2014-06-08,31,6,72
2014-06-09,31,5,71
2014-06-10,30,6,68
2014-06-11,31,8,67
2014-06-12,31,9,69
2014-06-13,30,12,79
2014-06-14,28,15,91
2014-06-15,26,6,88
2014-06-16,25,14,82
2014-06-17,26,5,80
2014-06-18,25,12,78
2014-06-19,25,15,76
2014-06-20,27,20,79
2014-06-21,28,13,77
2014-06-22,29,8,68
2014-06-23,32,13,71
2014-06-24,30,15,76
2014-06-25,26,22,89
2014-06-26,26,21,85
2014-06-27,27,17,80
2014-06-28,30,10,72
2014-06-29,30,18,90
2014-06-30,24,32,68
2014-07-01,27,11,78
2014-07-02,29,8,78
2014-07-03,30,16,73
2014-07-04,29,12,74
2014-07-05,30,13,75
2014-07-06,30,18,77
2014-07-07,32,10,82
2014-07-08,24,32,82
2014-07-09,24,32,67
2014-07-10,25,27,72
2014-07-11,27,14,77
2014-07-12,25,23,81
2014-07-13,25,20,81
2014-07-14,26,16,82
2014-07-15,29,9,81
2014-07-16,31,10,73
2014-07-17,31,12,72
2014-07-18,32,10,71
2014-07-19,33,6,71
2014-07-20,29,14,75
2014-07-21,26,24,84
2014-07-22,27,12,84
2014-07-23,29,14,83
2014-07-24,29,15,87
2014-07-25,30,8,81
2014-07-26,29,15,80
2014-07-27,30,14,78
2014-07-28,30,18,85
2014-07-29,26,17,92
2014-07-30,26,18,83
2014-07-31,29,16,88
2014-08-01,29,16,83
2014-08-02,31,13,80
2014-08-03,28,15,89
2014-08-04,29,12,85
2014-08-05,30,18,77
2014-08-06,30,10,78
2014-08-07,30,15,84
2014-08-08,30,13,88
2014-08-09,31,5,79
2014-08-10,32,11,81
2014-08-11,32,12,87
2014-08-12,31,14,80
2014-08-13,30,18,83
2014-08-14,26,27,66
2014-08-15,26,27,69
2014-08-16,27,20,75
2014-08-17,28,11,75
2014-08-18,28,14,87
2014-08-19,29,9,82
2014-08-20,29,15,77
2014-08-21,28,16,71
2014-08-22,29,11,76
2014-08-23,27,17,80
2014-08-24,26,22,71
2014-08-25,26,17,86
2014-08-26,30,16,86
2014-08-27,30,17,91
2014-08-28,30,6,85
2014-08-29,30,11,84
2014-08-30,30,12,89
2014-08-31,28,17,88
2014-09-01,28,20,85
2014-09-02,30,10,68
2014-09-03,28,9,73
2014-09-04,27,9,81
2014-09-05,28,13,81
2014-09-06,29,12,77
2014-09-07,28,12,89
2014-09-08,29,7,82
2014-09-09,31,7,80
2014-09-10,29,13,77
2014-09-11,27,17,85
2014-09-12,27,17,83
2014-09-13,25,9,87
2014-09-14,25,9,87
2014-09-15,27,6,83
2014-09-16,29,10,83
2014-09-17,28,13,86
2014-09-18,28,18,86
2014-09-19,29,14,91
2014-09-20,29,15,78
2014-09-21,28,16,78
2014-09-22,27,20,87
2014-09-23,23,8,83
2014-09-24,24,13,76
2014-09-25,25,15,86
2014-09-26,25,8,81
2014-09-27,27,5,73
2014-09-28,27,8,75
2014-09-29,27,12,81
2014-09-30,27,10,86
2014-10-01,27,13,88
2014-10-02,26,8,87
2014-10-03,25,13,78
2014-10-04,27,7,83
2014-10-05,26,8,81
2014-10-06,23,11,77
2014-10-07,25,15,83
2014-10-08,28,11,81
2014-10-09,29,13,89
2014-10-10,29,10,91
2014-10-11,28,12,91
2014-10-12,27,12,84
2014-10-13,27,14,88
2014-10-14,26,7,87
2014-10-15,26,9,85
2014-10-16,23,18,86
2014-10-17,24,20,93
2014-10-18,25,6,92
2014-10-19,27,5,89
2014-10-20,26,10,76
2014-10-21,26,23,92
2014-10-22,20,25,79
2014-10-23,23,10,56
2014-10-24,23,9,73
2014-10-25,24,6,69
2014-10-26,22,6,82
2014-10-27,22,12,76
2014-10-28,22,12,80
2014-10-29,19,4,82
2014-10-30,20,5,82
2014-10-31,22,5,79
2014-11-01,22,6,75
2014-11-02,22,9,87
2014-11-03,22,13,73
2014-11-04,26,21,69
2014-11-05,20,21,88
2014-11-06,17,8,79
2014-11-07,19,16,82
2014-11-08,21,10,66
2014-11-09,18,19,87
2014-11-10,22,14,79
2014-11-11,21,17,81
2014-11-12,18,19,86
2014-11-13,17,18,75
2014-11-14,21,11,78
2014-11-15,19,23,92
2014-11-16,17,24,78
2014-11-17,16,18,90
2014-11-18,16,24,78
2014-11-19,17,8,67
2014-11-20,19,8,72
2014-11-21,22,6,71
2014-11-22,21,12,84
2014-11-23,21,17,83
2014-11-24,21,12,88
2014-11-25,19,5,86
2014-11-26,21,6,80
2014-11-27,20,14,83
2014-11-28,21,28,84
2014-11-29,21,23,86
2014-11-30,23,27,86
2014-12-01,18,20,82
2014-12-02,18,14,80
2014-12-03,16,4,82
2014-12-04,16,15,87
2014-12-05,16,17,85
2014-12-06,15,33,92
2014-12-07,14,9,81
2014-12-08,16,11,76
2014-12-09,14,28,80
2014-12-10,14,15,63
2014-12-11,15,7,73
2014-12-12,15,14,76
2014-12-13,17,16,85
2014-12-14,18,12,82
2014-12-15,17,9,80
2014-12-16,18,9,79
2014-12-17,14,9,82
2014-12-18,14,8,80
2014-12-19,17,17,90
2014-12-20,18,13,81
2014-12-21,15,10,82
2014-12-22,17,7,81
2014-12-23,17,9,86
2014-12-24,16,12,86
2014-12-25,15,16,79
2014-12-26,13,11,81
2014-12-27,17,45,88
2014-12-28,11,18,69
2014-12-29,8,24,59
2014-12-30,8,14,53
2014-12-31,8,12,72
2015-01-01,10,14,56
2015-01-02,15,10,74
2015-01-03,17,16,78
2015-01-04,19,14,82
2015-01-05,14,14,60
2015-01-06,15,10,87
2015-01-07,13,10,82
2015-01-08,12,12,76
2015-01-09,15,12,81
2015-01-10,19,15,91
2015-01-11,18,33,88
2015-01-12,15,12,58
2015-01-13,18,10,73
2015-01-14,15,14,88
2015-01-15,17,11,76
2015-01-16,19,17,76
2015-01-17,14,19,84
2015-01-18,13,11,49
2015-01-19,13,8,44
2015-01-20,13,6,47
2015-01-21,13,22,79
2015-01-22,14,13,68
2015-01-23,13,10,77
2015-01-24,14,11,59
2015-01-25,13,21,54
2015-01-26,12,25,47
2015-01-27,13,8,48
2015-01-28,12,17,52
2015-01-29,12,41,83
2015-01-30,12,66,61
2015-01-31,11,9,65
2015-02-01,9,43,61
2015-02-02,10,17,61
2015-02-03,12,17,66
2015-02-04,12,20,83
2015-02-05,11,18,76
2015-02-06,10,8,71
2015-02-07,12,7,71
2015-02-08,10,12,73
2015-02-09,10,18,65
2015-02-10,13,12,62
2015-02-11,16,9,59
2015-02-12,17,6,56
2015-02-13,15,10,62
2015-02-14,13,12,64
2015-02-15,14,9,80
2015-02-16,12,10,81
2015-02-17,18,12,67
2015-02-18,16,17,38
2015-02-19,14,10,53
2015-02-20,14,11,50
2015-02-21,13,20,78
2015-02-22,14,9,68
2015-02-23,15,17,65
2015-02-24,12,35,60
2015-02-25,14,18,68
2015-02-26,14,14,65
2015-02-27,13,12,65
2015-02-28,14,10,65
2015-03-01,12,10,75
2015-03-02,16,12,95
2015-03-03,17,17,81
2015-03-04,17,15,87
2015-03-05,12,57,68
2015-03-06,13,22,52
2015-03-07,15,14,54
2015-03-08,15,13,57
2015-03-09,14,19,80
2015-03-10,16,15,82
2015-03-11,17,15,83
2015-03-12,17,14,69
2015-03-13,15,16,69
2015-03-14,13,12,89
2015-03-15,14,28,84
2015-03-16,14,13,82
2015-03-17,15,9,94
2015-03-18,17,10,82
2015-03-19,19,9,84
2015-03-20,21,19,65
2015-03-21,18,18,61
2015-03-22,16,11,86
2015-03-23,17,15,78
2015-03-24,21,19,71
2015-03-25,15,15,83
2015-03-26,17,15,94
2015-03-27,19,28,83
2015-03-28,18,21,64
2015-03-29,20,14,78
2015-03-30,19,23,82
2015-03-31,19,31,82
2015-04-01,18,23,61
2015-04-02,18,17,70
2015-04-03,21,15,66
2015-04-04,17,19,88
2015-04-05,16,15,84
2015-04-06,16,20,57
2015-04-07,15,10,46
2015-04-08,17,20,65
2015-04-09,19,15,55
2015-04-10,20,15,65
2015-04-11,22,13,62
2015-04-12,22,14,75
2015-04-13,21,17,75
2015-04-14,22,16,71
2015-04-15,25,14,65
2015-04-16,26,8,46
2015-04-17,22,15,78
2015-04-18,22,15,72
2015-04-19,23,13,71
2015-04-20,20,14,72
2015-04-21,22,16,63
2015-04-22,24,16,55
2015-04-23,22,18,66
2015-04-24,22,18,82
2015-04-25,24,14,66
2015-04-26,24,15,80
2015-04-27,20,24,82
2015-04-28,19,21,79
2015-04-29,20,19,73
2015-04-30,21,17,61
2015-05-01,23,15,68
2015-05-02,24,12,77
2015-05-03,29,14,60
2015-05-04,31,15,49
2015-05-05,31,19,64
2015-05-06,30,18,66
2015-05-07,25,18,54
2015-05-08,25,17,52
2015-05-09,25,16,70
2015-05-10,27,16,63
2015-05-11,28,17,56
2015-05-12,28,17,51
2015-05-13,27,17,56
2015-05-14,27,16,57
2015-05-15,20,28,73
2015-05-16,23,14,65
2015-05-17,29,13,63
2015-05-18,28,18,64
2015-05-19,25,18,64
2015-05-20,23,18,55
2015-05-21,18,25,58
2015-05-22,23,14,61
2015-05-23,21,12,67
2015-05-24,23,13,71
2015-05-25,23,14,70
2015-05-26,23,12,83
2015-05-27,24,8,67
2015-05-28,24,16,66
2015-05-29,25,17,61
2015-05-30,26,15,53
2015-05-31,25,18,66
2015-06-01,27,16,55
2015-06-02,27,17,58
2015-06-03,29,18,53
2015-06-04,29,17,56
2015-06-05,31,16,56
2015-06-06,31,15,55
2015-06-07,31,15,53
2015-06-08,30,17,62
2015-06-09,29,14,66
2015-06-10,31,9,51
2015-06-11,32,10,47
2015-06-12,32,32,72
2015-06-13,31,19,61
2015-06-14,26,17,81
2015-06-15,27,15,70
2015-06-16,26,17,63
2015-06-17,27,17,62
2015-06-18,27,15,69
2015-06-19,28,16,70
2015-06-20,28,16,69
2015-06-21,28,17,58
2015-06-22,28,18,60
2015-06-23,29,12,57
2015-06-24,30,14,55
2015-06-25,29,18,54
2015-06-26,29,19,61
2015-06-27,30,19,62
2015-06-28,31,15,65
2015-06-29,32,18,62
2015-06-30,31,17,60
2015-07-01,32,14,54
2015-07-02,33,16,51
2015-07-03,35,16,49
2015-07-04,34,17,53
2015-07-05,34,17,55
2015-07-06,34,17,51
2015-07-07,34,17,53
2015-07-08,33,16,55
2015-07-09,32,15,55
2015-07-10,32,18,59
2015-07-11,33,19,55
2015-07-12,33,19,54
2015-07-13,32,18,65
2015-07-14,33,16,67
2015-07-15,34,15,54
2015-07-16,33,16,56
2015-07-17,36,17,53
2015-07-18,36,15,37
2015-07-19,35,18,42
2015-07-20,33,19,58
2015-07-21,34,18,54
2015-07-22,33,14,68
2015-07-23,32,17,66
2015-07-24,32,15,70
2015-07-25,31,17,62
2015-07-26,30,17,63
2015-07-27,31,18,68
2015-07-28,29,18,52
2015-07-29,31,16,60
2015-07-30,32,17,56
2015-07-31,32,17,47
2015-08-01,32,17,72
2015-08-02,32,17,55
2015-08-03,32,16,64
2015-08-04,32,17,61
2015-08-05,33,17,56
2015-08-06,35,16,59
2015-08-07,35,17,46
2015-08-08,35,15,50
2015-08-09,32,18,68
2015-08-10,28,15,68
2015-08-11,32,11,63
2015-08-12,34,14,54
2015-08-13,34,17,54
2015-08-14,30,18,73
2015-08-15,27,18,60
2015-08-16,26,19,64
2015-08-17,27,19,63
2015-08-18,29,16,59
2015-08-19,28,17,60
2015-08-20,30,15,61
2015-08-21,29,19,71
2015-08-22,29,14,69
2015-08-23,32,14,60
2015-08-24,30,17,82
2015-08-25,29,17,62
2015-08-26,30,17,71
2015-08-27,31,15,69
2015-08-28,32,16,68
2015-08-29,33,13,75
2015-08-30,33,16,54
2015-08-31,33,17,57
2015-09-01,33,16,44
2015-09-02,28,15,62
2015-09-03,30,15,52
2015-09-04,30,14,58
2015-09-05,26,23,62
2015-09-06,26,15,57
2015-09-07,27,14,65
2015-09-08,29,17,56
2015-09-09,28,15,43
2015-09-10,26,16,59
2015-09-11,27,14,53
2015-09-12,30,15,55
2015-09-13,32,22,82
2015-09-14,29,16,88
2015-09-15,29,13,48
2015-09-16,31,15,75
2015-09-17,31,15,53
2015-09-18,28,17,64
2015-09-19,26,16,52
2015-09-20,27,17,60
2015-09-21,27,19,67
2015-09-22,26,17,61
2015-09-23,22,28,78
2015-09-24,25,13,64
2015-09-25,26,14,62
2015-09-26,26,17,70
2015-09-27,26,13,72
2015-09-28,26,16,69
2015-09-29,25,16,68
2015-09-30,25,21,61
2015-10-01,24,28,70
2015-10-02,22,30,88
2015-10-03,25,13,66
2015-10-04,25,9,73
2015-10-05,26,12,74
2015-10-06,27,15,83
2015-10-07,23,19,89
2015-10-08,24,12,64
2015-10-09,23,14,67
2015-10-10,22,14,77
2015-10-11,23,13,81
2015-10-12,24,12,81
2015-10-13,24,11,65
2015-10-14,21,13,87
2015-10-15,16,21,77
2015-10-16,18,14,72
2015-10-17,20,10,68
2015-10-18,24,14,70
2015-10-19,24,12,59
2015-10-20,23,10,80
2015-10-21,21,15,68
2015-10-22,21,14,64
2015-10-23,22,14,57
2015-10-24,23,14,79
2015-10-25,23,10,85
2015-10-26,21,12,72
2015-10-27,24,16,73
2015-10-28,22,14,95
2015-10-29,19,17,86
2015-10-30,22,13,70
2015-10-31,23,17,55
2015-11-01,22,17,61
2015-11-02,23,17,61
2015-11-03,25,18,69
2015-11-04,23,8,55
2015-11-05,22,12,67
2015-11-06,22,13,67
2015-11-07,23,10,58
2015-11-08,23,11,61
2015-11-09,22,13,62
2015-11-10,22,14,75
2015-11-11,21,12,72
2015-11-12,22,10,73
2015-11-13,21,13,73
2015-11-14,22,11,69
2015-11-15,20,10,71
2015-11-16,21,10,71
2015-11-17,21,11,66
2015-11-18,21,8,68
2015-11-19,21,11,74
2015-11-20,20,20,75
2015-11-21,15,43,85
2015-11-22,11,17,58
2015-11-23,13,19,63
2015-11-24,15,10,62
2015-11-25,10,19,86
2015-11-26,13,18,57
2015-11-27,13,12,52
2015-11-28,14,13,63
2015-11-29,15,13,53
2015-11-30,17,13,63
2015-12-01,17,11,63
2015-12-02,18,10,73
2015-12-03,18,7,70
2015-12-04,16,10,70
2015-12-05,16,5,68
2015-12-06,17,5,75
2015-12-07,18,11,72
2015-12-08,17,6,67
2015-12-09,16,8,75
2015-12-10,17,9,72
2015-12-11,16,10,66
2015-12-12,15,9,64
2015-12-13,16,7,61
2015-12-14,15,8,66
2015-12-15,15,10,62
2015-12-16,17,7,80
2015-12-17,17,9,72
2015-12-18,17,9,80
2015-12-19,17,8,78
2015-12-20,18,4,73
2015-12-21,17,8,67
2015-12-22,17,8,75
2015-12-23,17,7,67
2015-12-24,17,7,63
2015-12-25,16,8,59
2015-12-26,17,8,63
2015-12-27,17,9,70
2015-12-28,17,8,70
2015-12-29,16,7,62
2015-12-30,16,7,71
2016-01-01,15,7,69
2016-01-02,15,18,94
2016-01-03,13,26,68
2016-01-04,13,23,84
2016-01-05,15,10,79
2016-01-06,12,27,81
2016-01-07,14,10,80
2016-01-08,17,9,82
2016-01-09,17,13,87
2016-01-10,15,14,80
2016-01-11,16,33,90
2016-01-12,13,28,73
2016-01-13,12,29,56
2016-01-14,13,17,86
2016-01-15,11,17,63
2016-01-16,9,19,51
2016-01-17,10,8,36
2016-01-18,9,14,44
2016-01-19,10,9,66
2016-01-20,13,6,80
2016-01-21,13,6,63
2016-01-22,13,8,66
2016-01-23,13,7,65
2016-01-24,15,9,63
2016-01-25,15,10,68
2016-01-26,17,10,76
2016-01-27,17,10,69
2016-01-28,18,10,60
2016-01-29,17,9,57
2016-01-30,16,9,60
2016-01-31,13,16,85
2016-02-01,20,9,68
2016-02-02,17,15,79
2016-02-03,16,28,75
2016-02-04,14,16,43
2016-02-05,17,14,65
2016-02-06,17,8,66
2016-02-07,16,26,90
2016-02-08,13,14,76
2016-02-09,14,23,93
2016-02-10,12,50,56
2016-02-11,13,21,66
2016-02-12,13,6,84
2016-02-13,15,11,78
2016-02-14,14,15,85
2016-02-15,14,5,66
2016-02-16,16,17,73
2016-02-17,12,14,73
2016-02-18,13,8,47
2016-02-19,12,15,51
2016-02-20,13,14,50
2016-02-21,18,12,66
2016-02-22,21,14,51
2016-02-23,15,18,71
2016-02-24,15,10,65
2016-02-25,15,15,79
2016-02-26,13,11,55
2016-02-27,17,21,67
2016-02-28,12,15,80
2016-02-29,13,16,78
2016-03-01,16,11,88
2016-03-02,16,35,88
2016-03-03,14,56,60
2016-03-04,14,14,81
2016-03-05,13,31,81
2016-03-06,12,17,71
2016-03-07,11,23,77
2016-03-08,10,16,63
2016-03-09,12,13,74
2016-03-10,14,12,76
2016-03-11,15,11,72
2016-03-12,18,9,72
2016-03-13,16,9,71
2016-03-14,16,10,75
2016-03-15,14,15,66
2016-03-16,15,14,85
2016-03-17,15,11,86
2016-03-18,15,15,88
2016-03-19,16,12,88
2016-03-20,20,16,68
2016-03-21,19,9,85
2016-03-22,20,11,74
2016-03-23,18,10,82
2016-03-24,18,13,66
2016-03-25,16,18,90
2016-03-26,18,15,87
2016-03-27,19,13,85
2016-03-28,19,12,90
2016-03-29,20,16,75
2016-03-30,23,12,49
2016-04-01,20,8,79
2016-04-02,25,21,49
2016-04-03,24,15,84
2016-04-04,25,11,60
2016-04-05,25,13,58
2016-04-06,24,13,62
2016-04-07,23,14,68
2016-04-08,16,20,83
2016-04-09,15,21,75
2016-04-10,19,17,82
2016-04-11,24,13,61
2016-04-12,23,15,59
2016-04-13,23,18,74
2016-04-14,20,15,66
2016-04-15,24,14,65
2016-04-16,25,16,69
2016-04-17,23,14,75
2016-04-18,20,18,61
2016-04-19,22,14,62
2016-04-20,21,16,52
2016-04-21,24,15,60
2016-04-22,19,17,87
2016-04-23,16,18,86
2016-04-24,17,25,69
2016-04-25,17,18,67
2016-04-26,16,27,77
2016-04-27,17,22,75
2016-04-28,19,10,70
2016-04-29,21,14,61
2016-04-30,21,17,70
2016-05-01,15,20,70
2016-05-02,15,13,74
2016-05-03,21,18,73
2016-05-04,21,16,70
2016-05-05,23,9,62
2016-05-06,23,13,64
2016-05-07,24,11,60
2016-05-08,22,16,72
2016-05-09,26,23,63
2016-05-10,27,14,74
2016-05-11,20,29,91
2016-05-12,20,16,73
2016-05-13,20,18,67
2016-05-14,19,16,88
2016-05-15,20,16,79
2016-05-16,21,17,78
2016-05-17,21,16,74
2016-05-18,21,14,72
2016-05-19,19,36,83
2016-05-20,21,14,63
2016-05-21,25,17,54
2016-05-22,27,17,50
2016-05-23,19,37,76
2016-05-24,20,17,63
2016-05-25,26,15,50
2016-05-26,26,13,57
2016-05-27,30,13,55
2016-05-28,26,16,62
2016-05-29,21,19,79
2016-05-30,23,13,64
2016-05-31,23,14,62
2016-06-01,15,10,89
2016-06-02,20,16,84
2016-06-03,23,14,74
2016-06-04,22,16,59
2016-06-05,26,17,50
2016-06-06,26,17,64
2016-06-07,25,16,64
2016-06-08,26,17,77
2016-06-09,23,16,66
2016-06-10,25,15,73
2016-06-11,26,15,58
2016-06-12,25,17,55
2016-06-13,26,20,69
2016-06-14,24,20,73
2016-06-15,29,14,63
2016-06-16,29,19,71
2016-06-17,26,14,57
2016-06-18,26,19,57
2016-06-19,23,17,66
2016-06-20,26,15,62
2016-06-21,27,18,60
2016-06-22,29,16,53
2016-06-23,28,16,55
2016-06-24,28,16,57
2016-06-25,30,19,65
2016-06-26,29,17,52
2016-06-27,26,18,61
2016-06-28,29,17,55
2016-06-29,30,15,61
2016-06-30,31,16,52
2016-07-01,31,17,56
2016-07-02,31,19,65
2016-07-03,28,18,57
2016-07-04,31,15,60
2016-07-05,28,21,62
2016-07-06,31,18,69
2016-07-07,31,17,69
2016-07-08,27,14,65
2016-07-09,31,19,60
2016-07-10,29,16,62
2016-07-11,33,16,53
2016-07-12,33,17,53
2016-07-13,27,26,57
2016-07-14,25,26,51
2016-07-15,29,16,56
2016-07-16,27,20,53
2016-07-17,28,18,46
2016-07-18,31,16,42
2016-07-19,30,18,44
2016-07-20,31,17,41
2016-07-21,32,18,37
2016-07-22,32,14,40
2016-07-23,33,23,78
2016-07-24,23,12,75
2016-07-25,25,16,62
2016-07-26,26,18,72
2016-07-27,26,18,71
2016-07-28,26,18,73
2016-07-29,27,19,70
2016-07-30,27,17,59
2016-07-31,30,18,45
2016-08-01,29,17,70
2016-08-02,30,17,61
2016-08-03,30,16,64
2016-08-04,28,17,61
2016-08-05,27,18,55
2016-08-06,31,19,50
2016-08-07,32,14,53
2016-08-08,27,21,49
2016-08-09,30,19,67
2016-08-10,28,18,54
2016-08-11,25,14,56
2016-08-12,27,20,61
2016-08-13,26,17,51
2016-08-14,30,17,54
2016-08-15,31,16,53
2016-08-16,31,17,56
2016-08-17,29,17,72
2016-08-18,29,15,77
2016-08-19,30,17,72
2016-08-20,32,15,62
2016-08-21,30,18,63
2016-08-22,27,19,62
2016-08-23,30,21,56
2016-08-24,28,18,56
2016-08-25,31,21,62
2016-08-26,31,20,56
2016-08-27,31,17,60
2016-08-28,31,17,70
2016-08-29,30,18,92
2016-08-30,29,15,80
2016-08-31,29,14,72
2016-09-01,26,15,75
2016-09-02,29,18,81
2016-09-03,30,17,83
2016-09-04,28,19,89
2016-09-05,31,18,83
2016-09-06,28,20,66
2016-09-07,29,18,70
2016-09-08,28,14,75
2016-09-09,30,12,73
2016-09-10,30,15,69
2016-09-11,30,12,69
2016-09-12,27,15,71
2016-09-13,29,11,75
2016-09-14,29,14,81
2016-09-15,28,13,64
2016-09-16,25,19,74
2016-09-17,24,24,65
2016-09-18,21,17,79
2016-09-19,25,14,70
2016-09-20,26,16,85
2016-09-21,25,18,87
2016-09-22,25,15,72
2016-09-23,26,13,74
2016-09-24,26,8,72
2016-09-25,26,15,72
2016-09-26,26,13,71
2016-09-27,26,14,74
2016-09-28,27,15,72
2016-09-29,26,15,75
2016-09-30,26,13,68
2016-10-01,26,13,51
2016-10-02,25,14,60
2016-10-03,25,13,58
2016-10-04,24,8,41
2016-10-05,23,15,47
2016-10-06,23,12,59
2016-10-07,23,15,65
2016-10-08,23,14,61
2016-10-09,21,13,51
2016-10-10,21,9,50
2016-10-11,18,17,58
2016-10-12,20,9,46
2016-10-13,23,29,61
2016-10-14,25,24,77
2016-10-15,22,12,71
2016-10-16,23,11,59
2016-10-17,23,10,50
2016-10-18,21,11,58
2016-10-19,21,13,56
2016-10-20,19,13,61
2016-10-21,19,12,50
2016-10-22,20,11,52
2016-10-23,22,10,63
2016-10-24,28,16,58
2016-10-25,29,12,36
2016-10-26,26,12,41
2016-10-27,25,9,62
2016-10-28,24,11,41
2016-10-29,23,12,49
2016-10-30,23,10,46
2016-10-31,23,11,57
2016-11-01,21,12,60
2016-11-02,19,7,77
2016-11-03,20,12,63
2016-11-04,20,8,53
2016-11-05,21,12,68
2016-11-06,17,22,85
2016-11-07,15,9,66
2016-11-08,14,17,48
2016-11-09,13,13,76
2016-11-10,16,34,61
2016-11-11,15,41,81
2016-11-12,16,11,58
2016-11-13,15,8,56
2016-11-14,17,10,65
2016-11-15,17,10,65
2016-11-16,18,6,56
2016-11-17,20,8,65
2016-11-18,20,9,71
2016-11-19,17,9,90
2016-11-20,19,7,65
2016-11-21,20,9,67
2016-11-22,20,15,73
2016-11-23,20,27,70
2016-11-24,18,19,81
2016-11-25,17,7,72
2016-11-26,16,5,72
2016-11-27,16,7,69
2016-11-28,16,6,66
2016-11-29,13,35,43
2016-11-30,14,10,57
2016-12-01,14,11,62
2016-12-02,14,9,69
2016-12-03,15,10,67
2016-12-04,17,14,62
2016-12-05,17,17,72
2016-12-06,17,15,72
2016-12-07,18,14,48
2016-12-08,17,7,51
2016-12-09,16,7,56
2016-12-10,16,6,72
2016-12-11,16,7,82
2016-12-12,16,8,76
2016-12-13,16,5,58
2016-12-14,15,5,70
2016-12-15,16,9,73
2016-12-16,15,12,67
2016-12-17,14,15,50
2016-12-18,14,5,64
2016-12-19,12,25,79
2016-12-20,16,22,87
2016-12-21,17,18,73
2016-12-22,17,8,68
2016-12-23,16,5,68
2016-12-24,15,8,77
2016-12-25,16,4,73
2016-12-26,17,7,72
2016-12-27,17,9,79
2016-12-28,16,8,51
2016-12-29,14,16,65
2016-12-30,14,13,45
2016-12-31,14,10,61
2017-01-01,13,10,69
2017-01-02,12,6,69
2017-01-03,14,7,73
2017-01-04,12,11,60
2017-01-05,11,31,47
2017-01-06,8,12,40
2017-01-07,8,9,54
2017-01-08,11,8,75
2017-01-09,10,12,75
2017-01-10,10,7,74
2017-01-11,10,14,65
2017-01-12,13,12,84
2017-01-13,11,54,79
2017-01-14,9,13,64
2017-01-15,8,21,68
2017-01-16,7,13,58
2017-01-17,7,41,59
2017-01-18,9,37,56
2017-01-19,12,23,58
2017-01-20,13,19,63
2017-01-21,13,32,63
2017-01-22,12,19,82
2017-01-23,13,13,79
2017-01-24,12,8,81
2017-01-25,14,5,73
2017-01-26,13,5,68
2017-01-27,14,21,74
2017-01-28,14,19,69
2017-01-29,14,8,73
2017-01-30,12,9,77
2017-01-31,12,11,90
2017-02-01,15,8,76
2017-02-02,16,13,83
2017-02-03,14,12,88
2017-02-04,13,23,91
2017-02-05,13,20,94
2017-02-06,12,20,76
2017-02-07,15,10,83
2017-02-08,11,9,83
2017-02-09,13,21,75
2017-02-10,14,11,83
2017-02-11,16,10,70
2017-02-12,17,22,72
2017-02-13,16,23,70
2017-02-14,15,17,75
2017-02-15,16,9,77
2017-02-16,16,11,80
2017-02-17,15,10,77
2017-02-18,15,11,77
2017-02-19,15,13,65
2017-02-20,15,11,77
2017-02-21,15,14,82
2017-02-22,17,13,88
2017-02-23,18,10,71
2017-02-24,19,14,80
2017-02-25,16,9,69
2017-02-26,16,13,68
2017-02-27,15,13,81
2017-02-28,14,22,90
2017-03-01,14,25,67
2017-03-02,16,10,81
2017-03-03,18,8,74
2017-03-04,13,32,75
2017-03-05,13,16,72
2017-03-06,14,28,89
2017-03-07,16,31,52
2017-03-08,17,17,59
2017-03-09,19,13,81
2017-03-10,22,10,64
2017-03-11,18,13,58
2017-03-12,17,13,83
2017-03-13,19,9,67
2017-03-14,18,14,69
2017-03-15,19,13,54
2017-03-16,19,14,74
2017-03-17,18,12,58
2017-03-18,17,12,80
2017-03-19,18,15,87
2017-03-20,18,9,86
2017-03-21,18,14,84
2017-03-22,18,14,80
2017-03-23,19,14,74
2017-03-24,22,24,61
2017-03-25,17,25,89
2017-03-26,17,15,76
2017-03-27,17,16,74
2017-03-28,17,15,66
2017-03-29,18,15,66
2017-03-30,18,13,65
2017-03-31,21,13,57
2017-04-01,18,10,65
2017-04-02,16,8,88
2017-04-03,18,9,82
2017-04-04,20,11,73
2017-04-05,17,13,75
2017-04-06,18,10,76
2017-04-07,17,14,73
2017-04-08,20,15,67
2017-04-09,19,12,67
2017-04-10,20,14,69
2017-04-11,18,14,76
2017-04-12,18,14,78
2017-04-13,19,15,74
2017-04-14,19,14,71
2017-04-15,18,15,67
2017-04-16,18,15,72
2017-04-17,18,16,72
2017-04-18,18,17,69
2017-04-19,16,16,53
2017-04-20,15,10,47
2017-04-21,16,15,53
2017-04-22,18,14,61
2017-04-23,18,18,65
2017-04-24,20,13,63
2017-04-25,20,15,56
2017-04-26,20,18,66
2017-04-27,17,18,82
2017-04-28,13,24,61
2017-04-29,16,16,54
2017-04-30,19,15,57
2017-05-01,18,17,78
2017-05-02,17,18,84
2017-05-03,17,17,79
2017-05-04,18,15,86
2017-05-05,22,15,71
2017-05-06,21,27,79
2017-05-07,18,21,91
2017-05-08,20,12,82
2017-05-09,20,11,86
2017-05-10,22,11,88
2017-05-11,22,12,72
2017-05-12,19,14,82
2017-05-13,22,19,86
2017-05-14,21,16,80
2017-05-15,22,15,77
2017-05-16,23,17,83
2017-05-17,23,16,69
2017-05-18,23,11,73
2017-05-19,19,18,73
2017-05-20,18,22,82
2017-05-21,22,15,76
2017-05-22,22,15,81
2017-05-23,23,14,68
2017-05-24,24,15,73
2017-05-25,23,15,75
2017-05-26,23,14,76
2017-05-27,25,15,73
2017-05-28,25,15,68
2017-05-29,25,15,69
2017-05-30,25,12,70
2017-05-31,23,13,75
2017-06-01,25,13,72
2017-06-02,25,14,77
2017-06-03,25,13,84
2017-06-04,24,17,73
2017-06-05,24,12,75
2017-06-06,22,21,84
2017-06-07,21,18,71
2017-06-08,24,15,77
2017-06-09,26,15,70
2017-06-10,26,15,70
2017-06-11,27,15,75
2017-06-12,27,16,66
2017-06-13,28,15,70
2017-06-14,29,15,71
2017-06-15,28,17,59
2017-06-16,28,17,73
2017-06-17,28,16,78
2017-06-18,28,13,64
2017-06-19,26,19,69
2017-06-20,27,17,67
2017-06-21,28,14,63
2017-06-22,28,15,69
2017-06-23,28,17,75
2017-06-24,28,17,81
2017-06-25,27,16,82
2017-06-26,30,14,69
2017-06-27,27,18,77
2017-06-28,26,22,86
2017-06-29,23,16,93
2017-06-30,22,12,87
2017-07-01,25,19,51
2017-07-02,27,14,54
2017-07-03,29,16,55
2017-07-04,31,16,47
2017-07-05,32,15,35
2017-07-06,33,14,30
2017-07-07,35,16,28
2017-07-08,34,18,30
2017-07-09,35,17,46
2017-07-10,31,17,55
2017-07-11,34,15,38
2017-07-12,32,18,50
2017-07-13,31,17,55
2017-07-14,31,17,63
2017-07-15,31,12,55
2017-07-16,31,15,43
2017-07-17,31,20,49
2017-07-18,31,15,37
2017-07-19,32,13,44
2017-07-20,35,9,46
2017-07-21,33,14,66
2017-07-22,32,12,61
2017-07-23,32,14,58
2017-07-24,28,19,68
2017-07-25,28,14,58
2017-07-26,29,13,58
2017-07-27,30,14,64
2017-07-28,31,13,56
2017-07-29,32,12,54
2017-07-30,35,11,33
2017-07-31,39,6,31
2017-08-01,39,9,32
2017-08-02,36,13,45
2017-08-03,38,11,26
2017-08-04,37,13,35
2017-08-05,34,13,53
2017-08-06,34,14,58
2017-08-07,34,13,50
2017-08-08,36,10,36
2017-08-09,33,12,51
2017-08-10,29,15,44
2017-08-11,24,22,57
2017-08-12,27,13,59
2017-08-13,30,13,63
2017-08-14,31,11,45
2017-08-15,33,10,43
2017-08-16,32,12,50
2017-08-17,33,12,59
2017-08-18,33,12,56
2017-08-19,31,13,52
2017-08-20,31,11,58
2017-08-21,29,14,60
2017-08-22,30,12,60
2017-08-23,30,12,53
2017-08-24,32,11,49
2017-08-25,34,10,41
2017-08-26,34,10,44
2017-08-27,35,12,35
2017-08-28,35,12,36
2017-08-29,32,12,58
2017-08-30,33,11,49
2017-08-31,31,12,59
2017-09-01,26,11,58
2017-09-02,22,26,55
2017-09-03,23,14,63
2017-09-04,26,12,53
2017-09-05,27,13,72
2017-09-06,27,14,76
2017-09-07,25,14,75
2017-09-08,24,8,73
2017-09-09,25,13,74
2017-09-10,22,12,72
2017-09-11,23,22,70
2017-09-12,21,26,61
2017-09-13,23,14,69
2017-09-14,25,10,72
2017-09-15,26,10,55
2017-09-16,23,10,62
2017-09-17,20,14,57
2017-09-18,22,8,85
2017-09-19,19,21,59
2017-09-20,22,12,67
2017-09-21,22,11,65
2017-09-22,24,10,68
2017-09-23,24,9,65
2017-09-24,23,12,75
2017-09-25,23,10,76
2017-09-26,22,6,77
2017-09-27,22,11,73
2017-09-28,24,10,69
2017-09-29,24,12,71
2017-09-30,24,10,65
2017-10-01,20,6,58
2017-10-02,23,8,64
2017-10-03,23,11,60
2017-10-04,24,9,62
2017-10-05,23,11,61
2017-10-06,22,12,62
2017-10-07,22,13,45
2017-10-08,20,9,57
2017-10-09,23,9,56
2017-10-10,21,8,67
2017-10-11,22,10,62
2017-10-12,23,10,54
2017-10-13,23,10,67
2017-10-14,24,9,60
2017-10-15,24,9,50
2017-10-16,25,9,43
2017-10-17,25,9,44
2017-10-18,24,8,39
2017-10-19,25,9,54
2017-10-20,25,5,64
2017-10-21,24,10,47
2017-10-22,19,23,61
2017-10-23,20,13,51
2017-10-24,21,13,42
2017-10-25,23,10,38
2017-10-26,23,9,47
2017-10-27,21,9,72
2017-10-28,21,12,62
2017-10-29,18,11,66
2017-10-30,21,10,59
2017-10-31,21,4,57
2017-11-01,20,6,63
2017-11-02,20,8,49
2017-11-03,20,7,68
2017-11-04,22,9,54
2017-11-05,16,19,85
2017-11-06,11,15,70
2017-11-07,16,7,59
2017-11-08,13,10,76
2017-11-09,14,6,56
2017-11-10,14,5,85
2017-11-11,16,8,71
2017-11-12,17,20,72
2017-11-13,13,24,53
2017-11-14,13,17,57
2017-11-15,17,13,54
2017-11-16,16,8,66
2017-11-17,17,8,62
2017-11-18,16,8,68
2017-11-19,15,10,69
2017-11-20,16,11,68
2017-11-21,16,8,68
2017-11-22,17,6,61
2017-11-23,18,6,60
2017-11-24,18,6,55
2017-11-25,16,12,88
2017-11-26,12,18,51
2017-11-27,12,7,57
2017-11-28,13,3,65
2017-11-29,12,3,81
2017-11-30,9,20,53
2017-12-01,10,15,55
2017-12-02,8,9,84
2017-12-03,10,5,79
2017-12-04,10,6,62
2017-12-05,13,9,69
2017-12-06,12,6,75
2017-12-07,13,5,72
2017-12-08,12,17,90
2017-12-09,8,33,57
2017-12-10,11,24,93
2017-12-11,15,31,89
2017-12-12,12,2,80
2017-12-13,10,10,59
2017-12-14,12,19,88
2017-12-15,12,10,89
2017-12-16,9,20,68
2017-12-17,10,8,59
2017-12-18,9,7,56
2017-12-19,10,9,63
2017-12-20,10,5,72
2017-12-21,11,6,49
2017-12-22,14,6,55
2017-12-23,14,6,60
2017-12-24,14,7,70
2017-12-25,14,6,73
2017-12-26,12,9,85
2017-12-27,10,21,93
2017-12-28,8,33,65
2017-12-29,10,9,43
2017-12-30,13,6,85
2017-12-31,15,3,81
2018-01-01,12,33,78
2018-01-02,12,17,65
2018-01-03,14,20,88
2018-01-04,15,25,88
2018-01-05,16,4,81
2018-01-06,17,7,77
2018-01-07,17,26,64
2018-01-08,16,27,76
2018-01-09,12,6,81
2018-01-10,12,7,74
2018-01-11,11,5,73
2018-01-12,12,6,79
2018-01-13,11,8,80
2018-01-14,12,9,66
2018-01-15,12,8,72
2018-01-16,12,22,87
2018-01-17,11,44,70
2018-01-18,11,16,71
2018-01-19,12,12,85
2018-01-20,11,15,60
2018-01-21,15,15,75
2018-01-22,15,9,77
2018-01-23,16,8,73
2018-01-24,16,7,73
2018-01-25,15,7,70
2018-01-26,17,13,59
2018-01-27,15,6,75
2018-01-28,15,8,67
2018-01-29,15,9,71
2018-01-30,13,8,71
2018-01-31,13,7,73
2018-02-01,11,10,86
2018-02-02,13,10,84
2018-02-03,8,17,71
2018-02-04,11,6,65
2018-02-05,13,12,73
2018-02-06,12,7,82
2018-02-07,9,12,87
2018-02-08,8,7,62
2018-02-09,10,8,58
2018-02-10,11,5,68
2018-02-11,10,10,75
2018-02-12,11,24,59
2018-02-13,10,13,61
2018-02-14,10,9,69
2018-02-15,11,8,74
2018-02-16,15,7,85
2018-02-17,15,8,79
2018-02-18,13,7,74
2018-02-19,12,9,74
2018-02-20,10,6,70
2018-02-21,10,6,68
2018-02-22,10,5,69
2018-02-23,12,4,73
2018-02-24,9,11,93
2018-02-25,10,8,88
2018-02-26,7,13,65
2018-02-27,6,12,58
2018-02-28,9,23,70
2018-03-01,15,16,83
2018-03-02,12,36,81
2018-03-03,13,24,92
2018-03-04,12,10,84
2018-03-05,12,9,90
2018-03-06,13,12,81
2018-03-07,12,18,74
2018-03-08,14,7,67
2018-03-09,16,9,76
2018-03-10,18,9,78
2018-03-11,15,18,90
2018-03-12,13,14,86
2018-03-13,13,27,74
2018-03-14,15,10,69
2018-03-15,16,17,96
2018-03-16,15,6,72
2018-03-17,13,11,72
2018-03-18,10,17,90
2018-03-19,11,19,74
2018-03-20,10,14,90
2018-03-21,12,19,64
2018-03-22,13,13,47
2018-03-23,13,11,66
2018-03-24,15,13,50
2018-03-25,14,8,73
2018-03-26,13,9,69
2018-03-27,16,13,76
2018-03-28,16,12,83
2018-03-29,17,10,70
2018-03-30,17,18,92
2018-03-31,12,17,78
2018-04-01,13,19,60
2018-04-02,18,8,66
2018-04-03,23,12,62
2018-04-04,19,9,82
2018-04-05,17,12,60
2018-04-06,19,8,71
2018-04-07,23,13,46
2018-04-08,20,23,54
2018-04-09,15,7,88
2018-04-10,14,14,93
2018-04-11,17,24,87
2018-04-12,14,23,86
2018-04-13,18,8,64
2018-04-14,24,9,48
2018-04-15,22,8,71
2018-04-16,19,12,80
2018-04-17,20,11,78
2018-04-18,23,5,67
2018-04-19,22,12,67
2018-04-20,23,12,63
2018-04-21,24,12,63
2018-04-22,23,10,64
2018-04-23,23,11,60
2018-04-24,23,11,67
2018-04-25,25,11,62
2018-04-26,24,12,75
2018-04-27,24,11,71
2018-04-28,23,9,77
2018-04-29,23,15,74
2018-04-30,19,11,55
2018-05-01,13,5,85
2018-05-02,15,8,86
2018-05-03,19,9,90
2018-05-04,18,6,84
2018-05-05,20,8,77
2018-05-06,19,10,80
2018-05-07,19,9,83
2018-05-08,18,8,87
2018-05-09,19,9,91
2018-05-10,19,9,88
2018-05-11,19,13,82
2018-05-12,20,10,73
2018-05-13,18,13,80
2018-05-14,13,17,83
2018-05-15,16,10,79
2018-05-16,17,12,84
2018-05-17,18,8,86
2018-05-18,20,9,72
2018-05-19,21,9,65
2018-05-20,23,8,65
2018-05-21,19,6,83
2018-05-22,19,11,90
2018-05-23,21,12,78
2018-05-24,23,11,72
2018-05-25,26,11,64
2018-05-26,29,8,66
2018-05-27,28,12,53
2018-05-28,24,11,75
2018-05-29,27,8,68
2018-05-30,26,12,74
2018-05-31,24,12,77
2018-06-01,25,12,82
2018-06-02,27,10,57
2018-06-03,28,8,75
2018-06-04,22,12,86
2018-06-05,24,12,74
2018-06-06,24,12,79
2018-06-07,23,6,87
2018-06-08,22,12,87
2018-06-09,25,13,75
2018-06-10,30,9,52
2018-06-11,31,15,92
2018-06-12,24,13,87
2018-06-13,22,13,80
2018-06-14,24,10,80
2018-06-15,24,9,79
2018-06-16,25,11,77
2018-06-17,26,12,85
2018-06-18,28,10,71
2018-06-19,28,12,61
2018-06-20,29,13,62
2018-06-21,28,12,74
2018-06-22,27,13,74
2018-06-23,27,10,82
2018-06-24,27,8,73
2018-06-25,26,10,70
2018-06-26,25,13,65
2018-06-27,26,13,75
2018-06-28,26,12,86
2018-06-29,27,10,65
2018-06-30,30,10,60
2018-07-01,34,8,46
2018-07-02,27,13,76
2018-07-03,28,12,73
2018-07-04,30,10,59
2018-07-05,29,13,62
2018-07-06,26,13,62
2018-07-07,28,13,69
2018-07-08,29,12,63
2018-07-09,29,12,60
2018-07-10,29,13,62
2018-07-11,27,10,55
2018-07-12,30,10,50
2018-07-13,32,11,45
2018-07-14,35,10,47
2018-07-15,31,13,59
2018-07-16,30,19,69
2018-07-17,29,13,63
2018-07-18,30,12,59
2018-07-19,30,12,55
2018-07-20,31,12,56
2018-07-21,31,13,55
2018-07-22,28,13,55
2018-07-23,29,11,59
2018-07-24,30,12,63
2018-07-25,29,13,68
2018-07-26,30,13,65
2018-07-27,31,14,63
2018-07-28,31,13,64
2018-07-29,31,13,57
2018-07-30,31,13,66
2018-07-31,32,12,57
2018-08-01,33,12,46
2018-08-02,34,9,58
2018-08-03,33,11,61
2018-08-04,33,11,65
2018-08-05,32,10,63
2018-08-06,32,10,62
2018-08-07,32,9,59
2018-08-08,31,9,61
2018-08-09,31,11,59
2018-08-10,31,11,55
2018-08-11,30,13,54
2018-08-12,31,12,56
2018-08-13,30,11,44
2018-08-14,28,12,60
2018-08-15,28,9,61
2018-08-16,29,11,65
2018-08-17,29,9,59
2018-08-18,29,7,59
2018-08-19,30,9,65
2018-08-20,31,10,58
2018-08-21,31,10,56
2018-08-22,31,10,61
2018-08-23,30,9,60
2018-08-24,29,10,66
2018-08-25,26,13,55
2018-08-26,26,16,58
2018-08-27,26,11,64
2018-08-28,29,10,65
2018-08-29,29,11,66
2018-08-30,29,12,63
2018-08-31,25,9,60
2018-09-01,24,13,60
2018-09-02,25,11,65
2018-09-03,25,11,58
2018-09-04,27,9,66
2018-09-05,29,8,60
2018-09-06,29,10,62
2018-09-07,26,13,72
2018-09-08,27,10,68
2018-09-09,28,9,70
2018-09-10,29,9,59
2018-09-11,30,9,58
2018-09-12,30,9,58
2018-09-13,26,6,73
2018-09-14,28,12,82
2018-09-15,28,11,71
2018-09-16,28,9,62
2018-09-17,28,9,62
2018-09-18,27,10,80
2018-09-19,28,8,69
2018-09-20,30,8,69
2018-09-21,29,10,70
2018-09-22,27,11,58
2018-09-23,28,12,75
2018-09-24,28,9,75
2018-09-25,28,14,45
2018-09-26,25,13,47
2018-09-27,25,10,56
2018-09-28,26,10,57
2018-09-29,27,9,59
2018-09-30,26,10,67
2018-10-01,21,22,60
2018-10-02,21,14,64
2018-10-03,24,11,48
2018-10-04,26,5,45
2018-10-05,24,7,71
2018-10-06,21,12,72
2018-10-07,23,9,59
2018-10-08,26,8,65
2018-10-09,27,8,48
2018-10-10,23,15,73
2018-10-11,25,12,71
2018-10-12,24,8,70
2018-10-13,24,9,56
2018-10-14,25,6,50
2018-10-15,24,13,56
2018-10-16,23,5,77
2018-10-17,20,6,83
2018-10-18,24,13,62
2018-10-19,26,6,54
2018-10-20,25,7,59
2018-10-21,24,10,58
2018-10-22,20,13,42
2018-10-23,22,8,49
2018-10-24,23,9,59
2018-10-25,23,12,67
2018-10-26,21,10,72
2018-10-27,22,16,72
2018-10-28,18,21,87
2018-10-29,20,23,81
2018-10-30,14,15,75
2018-10-31,19,18,65
2018-11-01,20,5,63
2018-11-02,21,5,55
2018-11-03,19,7,73
2018-11-04,18,11,85
2018-11-05,19,10,73
2018-11-06,19,13,80
2018-11-07,17,6,72
2018-11-08,18,7,79
2018-11-09,20,12,70
2018-11-10,18,6,82
2018-11-11,19,7,76
2018-11-12,22,10,67
2018-11-13,22,6,57
2018-11-14,21,6,62
2018-11-15,20,7,67
2018-11-16,19,6,64
2018-11-17,15,18,51
2018-11-18,15,17,57
2018-11-19,13,14,63
2018-11-20,13,8,78
2018-11-21,15,12,84
2018-11-22,17,5,59
2018-11-23,19,11,58
2018-11-24,17,6,81
2018-11-25,15,12,77
2018-11-26,13,14,68
2018-11-27,14,14,72
2018-11-28,14,8,65
2018-11-29,16,6,62
2018-11-30,15,7,61
2018-12-01,16,5,64
2018-12-02,14,5,68
2018-12-03,16,7,85
2018-12-04,17,10,74
2018-12-05,18,8,69
2018-12-06,15,6,74
2018-12-07,16,7,74
2018-12-08,14,30,53
2018-12-09,15,35,72
2018-12-10,15,14,65
2018-12-11,14,8,49
2018-12-12,13,8,65
2018-12-13,13,9,70
2018-12-14,12,10,74
2018-12-15,11,6,66
2018-12-16,12,10,83
2018-12-17,11,17,77
2018-12-18,13,7,65
2018-12-19,14,8,58
2018-12-20,12,6,66
2018-12-21,13,4,75
2018-12-22,14,4,87
2018-12-23,16,6,76
2018-12-24,16,4,86
2018-12-25,15,11,52
2018-12-26,13,6,63
2018-12-27,13,6,69
2018-12-28,13,5,75
2018-12-29,13,6,77
2018-12-30,14,6,75
2018-12-31,14,8,62
